name,group,water,calories,protein,carbohydrate,fat,id
Butter oil; anhydrous,Dairy and Egg Products,0.24,876,0.28,0.0,99.48,Ration no. 3
Butter; salted,Dairy and Egg Products,15.87,717,0.85,0.06,81.11,Ration no. 4
Butter; whipped; with salt,Dairy and Egg Products,15.87,717,0.85,0.06,81.11,Ration no. 5
Butter; without salt,Dairy and Egg Products,17.94,717,0.85,0.06,81.11,Ration no. 6
Cheese fondue,Dairy and Egg Products,61.61,229,14.23,3.77,13.47,Ration no. 7
Cheese food; imitation,Dairy and Egg Products,63.8,137,22.4,8.8,1.3,Ration no. 9
Cheese substitute; mozzarella,Dairy and Egg Products,47.36,248,11.47,23.67,12.22,Ration no. 19
Cheese; blue,Dairy and Egg Products,42.41,353,21.4,2.34,28.74,Ration no. 22
Cheese; brick,Dairy and Egg Products,41.11,371,23.24,2.79,29.68,Ration no. 23
Cheese; brie,Dairy and Egg Products,48.42,334,20.75,0.45,27.68,Ration no. 24
Cheese; camembert,Dairy and Egg Products,51.8,300,19.8,0.46,24.26,Ration no. 25
Cheese; caraway,Dairy and Egg Products,39.28,376,25.18,3.06,29.2,Ration no. 26
Cheese; cheddar,Dairy and Egg Products,36.75,403,24.9,1.28,33.14,Ration no. 27
Cheese; cheshire,Dairy and Egg Products,37.65,387,23.37,4.78,30.6,Ration no. 28
Cheese; colby,Dairy and Egg Products,38.2,394,23.76,2.57,32.11,Ration no. 29
Cheese; cream,Dairy and Egg Products,54.44,342,5.93,4.07,34.24,Ration no. 30
Cheese; cream; fat free,Dairy and Egg Products,71.87,105,15.69,7.66,1.0,Ration no. 31
Cheese; cream; low fat,Dairy and Egg Products,66.72,201,7.85,8.13,15.28,Ration no. 32
Cheese; dry white; queso seco,Dairy and Egg Products,42.17,325,24.51,2.04,24.35,Ration no. 33
Cheese; edam,Dairy and Egg Products,41.56,357,24.99,1.43,27.8,Ration no. 34
Cheese; feta,Dairy and Egg Products,55.22,264,14.21,4.09,21.28,Ration no. 35
Cheese; fontina,Dairy and Egg Products,37.92,389,25.6,1.55,31.14,Ration no. 36
Cheese; fresh; queso fresco,Dairy and Egg Products,51.42,299,18.09,2.98,23.82,Ration no. 37
Cheese; gjetost,Dairy and Egg Products,13.44,466,9.65,42.65,29.51,Ration no. 38
Cheese; goat; hard type,Dairy and Egg Products,29.01,452,30.52,2.17,35.59,Ration no. 39
Cheese; goat; semisoft type,Dairy and Egg Products,45.52,364,21.58,2.54,29.84,Ration no. 40
Cheese; goat; soft type,Dairy and Egg Products,60.75,268,18.52,0.89,21.08,Ration no. 41
Cheese; gouda,Dairy and Egg Products,41.46,356,24.94,2.22,27.44,Ration no. 42
Cheese; gruyere,Dairy and Egg Products,33.19,413,29.81,0.36,32.34,Ration no. 43
Cheese; limburger,Dairy and Egg Products,48.42,327,20.05,0.49,27.25,Ration no. 44
Cheese; mexican; queso anejo,Dairy and Egg Products,38.06,373,21.44,4.63,29.98,Ration no. 47
Cheese; monterey,Dairy and Egg Products,41.01,373,24.48,0.68,30.28,Ration no. 50
Cheese; monterey; low fat,Dairy and Egg Products,46.0,310,28.2,0.7,21.6,Ration no. 51
Cheese; mozzarella; nonfat,Dairy and Egg Products,60.2,141,31.7,3.5,0.0,Ration no. 53
Cheese; muenster,Dairy and Egg Products,41.77,368,23.41,1.12,30.04,Ration no. 58
Cheese; muenster; low fat,Dairy and Egg Products,50.5,271,24.7,3.5,17.6,Ration no. 59
Cheese; neufchatel,Dairy and Egg Products,63.11,253,9.15,3.59,22.78,Ration no. 60
Cheese; parmesan; grated,Dairy and Egg Products,20.84,431,38.46,4.06,28.61,Ration no. 62
Cheese; parmesan; hard,Dairy and Egg Products,29.16,392,35.75,3.22,25.83,Ration no. 63
Cheese; parmesan; low sodium,Dairy and Egg Products,22.2,451,41.6,3.7,29.99,Ration no. 64
Cheese; parmesan; shredded,Dairy and Egg Products,25.0,415,37.86,3.41,27.34,Ration no. 65
Cheese; port de salut,Dairy and Egg Products,45.45,352,23.78,0.57,28.2,Ration no. 75
Cheese; provolone,Dairy and Egg Products,40.95,351,25.58,2.14,26.62,Ration no. 76
Cheese; ricotta; whole milk,Dairy and Egg Products,71.7,174,11.26,3.04,12.98,Ration no. 79
Cheese; romano,Dairy and Egg Products,30.91,387,31.8,3.63,26.94,Ration no. 80
Cheese; roquefort,Dairy and Egg Products,39.38,369,21.54,2.0,30.64,Ration no. 81
Cheese; swiss,Dairy and Egg Products,37.12,380,26.93,5.38,27.8,Ration no. 82
Cheese; swiss; low fat,Dairy and Egg Products,59.6,173,28.4,3.4,5.1,Ration no. 83
Cheese; swiss; low sodium,Dairy and Egg Products,37.8,374,28.4,3.4,27.4,Ration no. 84
Cheese; tilsit,Dairy and Egg Products,42.86,340,24.41,1.88,25.98,Ration no. 85
Cheese; white; queso blanco,Dairy and Egg Products,48.7,310,20.38,2.53,24.31,Ration no. 86
Cream substitute; powdered,Dairy and Egg Products,2.21,545,4.79,54.88,35.48,Ration no. 91
Cream; fluid; half and half,Dairy and Egg Products,80.57,130,2.96,4.3,11.5,Ration no. 93
Cream; fluid; heavy whipping,Dairy and Egg Products,57.71,345,2.05,2.79,37.0,Ration no. 94
Cream; fluid; light whipping,Dairy and Egg Products,63.5,292,2.17,2.96,30.91,Ration no. 96
Cream; sour; cultured,Dairy and Egg Products,74.46,193,2.07,2.88,19.73,Ration no. 97
Dessert topping; powdered,Dairy and Egg Products,1.47,577,4.9,52.54,39.92,Ration no. 100
Dessert topping; pressurized,Dairy and Egg Products,60.37,264,0.98,16.07,22.3,Ration no. 102
Dulce de Leche,Dairy and Egg Products,28.71,315,6.84,55.35,7.35,Ration no. 104
Egg Mix; USDA Commodity,Dairy and Egg Products,2.78,555,35.6,23.97,34.5,Ration no. 105
Egg substitute; powder,Dairy and Egg Products,3.86,444,55.5,21.8,13.0,Ration no. 106
Egg; duck; whole; fresh; raw,Dairy and Egg Products,70.83,185,12.81,1.45,13.77,Ration no. 107
Egg; goose; whole; fresh; raw,Dairy and Egg Products,70.43,185,13.87,1.35,13.27,Ration no. 108
Egg; quail; whole; fresh; raw,Dairy and Egg Products,74.35,158,13.05,0.41,11.09,Ration no. 109
Egg; white; dried,Dairy and Egg Products,5.8,382,81.1,7.8,0.0,Ration no. 111
Egg; whole; cooked; fried,Dairy and Egg Products,69.47,196,13.61,0.83,14.84,Ration no. 114
Egg; whole; cooked; omelet,Dairy and Egg Products,76.13,154,10.57,0.64,11.66,Ration no. 116
Egg; whole; cooked; poached,Dairy and Egg Products,75.85,138,12.51,0.71,9.47,Ration no. 117
Egg; whole; cooked; scrambled,Dairy and Egg Products,76.4,149,9.99,1.61,10.98,Ration no. 118
Egg; whole; dried,Dairy and Egg Products,3.1,594,47.35,4.95,40.95,Ration no. 119
Egg; whole; raw; fresh,Dairy and Egg Products,76.15,143,12.56,0.72,9.51,Ration no. 121
Egg; whole; raw; frozen,Dairy and Egg Products,75.85,148,11.95,1.05,10.2,Ration no. 122
Egg; yolk; dried,Dairy and Egg Products,2.95,666,34.25,3.6,55.8,Ration no. 123
Egg; yolk; raw; fresh,Dairy and Egg Products,52.31,322,15.86,3.59,26.54,Ration no. 124
Egg; yolk; raw; frozen,Dairy and Egg Products,56.2,303,15.5,1.15,25.6,Ration no. 125
Ensure plus; liquid nutrition,Dairy and Egg Products,69.84,141,5.16,19.88,4.52,Ration no. 129
Milk shakes; thick chocolate,Dairy and Egg Products,72.2,119,3.05,21.15,2.7,Ration no. 139
Milk shakes; thick vanilla,Dairy and Egg Products,74.45,112,3.86,17.75,3.03,Ration no. 140
Milk; buttermilk; dried,Dairy and Egg Products,2.97,387,34.3,49.0,5.78,Ration no. 141
Milk; sheep; fluid,Dairy and Egg Products,80.7,108,5.98,5.36,7.0,Ration no. 153
Sour cream; light,Dairy and Egg Products,78.1,138,3.5,7.1,10.6,Ration no. 159
Sour cream; reduced fat,Dairy and Egg Products,71.0,181,7.0,7.0,14.1,Ration no. 160
Whey; acid; dried,Dairy and Egg Products,3.51,339,11.73,73.45,0.54,Ration no. 163
Whey; sweet; dried,Dairy and Egg Products,3.19,353,12.93,74.46,1.07,Ration no. 164
Rosemary; fresh,Spices and Herbs,67.77,131,3.31,20.7,5.86,Ration no. 177
Spearmint; dried,Spices and Herbs,11.3,285,19.93,52.04,6.03,Ration no. 178
Spices; allspice; ground,Spices and Herbs,8.46,263,6.09,72.12,8.69,Ration no. 179
Spices; anise seed,Spices and Herbs,9.54,337,17.6,50.02,15.9,Ration no. 180
Spices; basil; dried,Spices and Herbs,10.35,233,22.98,47.75,4.07,Ration no. 181
Spices; bay leaf,Spices and Herbs,5.44,313,7.61,74.97,8.36,Ration no. 182
Spices; caraway seed,Spices and Herbs,9.87,333,19.77,49.9,14.59,Ration no. 183
Spices; cardamom,Spices and Herbs,8.28,311,10.76,68.47,6.7,Ration no. 184
Spices; celery seed,Spices and Herbs,6.04,392,18.07,41.35,25.27,Ration no. 185
Spices; chervil; dried,Spices and Herbs,7.2,237,23.2,49.1,3.9,Ration no. 186
Spices; chili powder,Spices and Herbs,10.75,282,13.46,49.7,14.28,Ration no. 187
Spices; cinnamon; ground,Spices and Herbs,10.58,247,3.99,80.59,1.24,Ration no. 188
Spices; cloves; ground,Spices and Herbs,6.86,323,5.98,61.21,20.07,Ration no. 189
Spices; coriander leaf; dried,Spices and Herbs,7.3,279,21.93,52.1,4.78,Ration no. 190
Spices; coriander seed,Spices and Herbs,8.86,298,12.37,54.99,17.77,Ration no. 191
Spices; cumin seed,Spices and Herbs,8.06,375,17.81,44.24,22.27,Ration no. 192
Spices; curry powder,Spices and Herbs,9.52,325,12.66,58.15,13.81,Ration no. 193
Spices; dill seed,Spices and Herbs,7.7,305,15.98,55.17,14.54,Ration no. 194
Spices; dill weed; dried,Spices and Herbs,7.3,253,19.96,55.82,4.36,Ration no. 195
Spices; fennel seed,Spices and Herbs,8.81,345,15.8,52.29,14.87,Ration no. 196
Spices; fenugreek seed,Spices and Herbs,8.84,323,23.0,58.35,6.41,Ration no. 197
Spices; garlic powder,Spices and Herbs,6.45,331,16.55,72.73,0.73,Ration no. 198
Spices; ginger; ground,Spices and Herbs,9.94,335,8.98,71.62,4.24,Ration no. 199
Spices; mace; ground,Spices and Herbs,8.17,475,6.71,50.5,32.38,Ration no. 200
Spices; marjoram; dried,Spices and Herbs,7.64,271,12.66,60.56,7.04,Ration no. 201
Spices; mustard seed; ground,Spices and Herbs,5.27,508,26.08,28.09,36.24,Ration no. 202
Spices; nutmeg; ground,Spices and Herbs,6.23,525,5.84,49.29,36.31,Ration no. 203
Spices; onion powder,Spices and Herbs,5.39,341,10.41,79.12,1.04,Ration no. 204
Spices; oregano; dried,Spices and Herbs,9.93,265,9.0,68.92,4.28,Ration no. 205
Spices; paprika,Spices and Herbs,11.24,282,14.14,53.99,12.89,Ration no. 206
Spices; parsley; dried,Spices and Herbs,5.89,292,26.63,50.64,5.48,Ration no. 207
Spices; pepper; black,Spices and Herbs,12.46,251,10.39,63.95,3.26,Ration no. 208
Spices; pepper; white,Spices and Herbs,11.42,296,10.4,68.61,2.12,Ration no. 210
Spices; poppy seed,Spices and Herbs,5.95,525,17.99,28.13,41.56,Ration no. 211
Spices; poultry seasoning,Spices and Herbs,9.31,307,9.59,65.59,7.53,Ration no. 212
Spices; pumpkin pie spice,Spices and Herbs,8.46,342,5.76,69.28,12.6,Ration no. 213
Spices; rosemary; dried,Spices and Herbs,9.31,331,4.88,64.06,15.22,Ration no. 214
Spices; saffron,Spices and Herbs,11.9,310,11.43,65.37,5.85,Ration no. 215
Spices; sage; ground,Spices and Herbs,7.96,315,10.63,60.73,12.75,Ration no. 216
Spices; savory; ground,Spices and Herbs,9.0,272,6.73,68.73,5.91,Ration no. 217
Spices; tarragon; dried,Spices and Herbs,7.74,295,22.77,50.22,7.24,Ration no. 218
Spices; thyme; dried,Spices and Herbs,7.79,276,9.11,63.94,7.43,Ration no. 219
Spices; turmeric; ground,Spices and Herbs,11.36,354,7.83,64.93,9.88,Ration no. 220
Thyme; fresh,Spices and Herbs,65.11,101,5.56,24.45,1.68,Ration no. 221
Vanilla extract,Spices and Herbs,52.58,288,0.06,12.65,0.06,Ration no. 222
Babyfood; cereal; barley; dry,Baby Foods,6.8,365,11.1,75.3,3.4,Ration no. 226
Babyfood; cereal; mixed; dry,Baby Foods,6.7,379,12.2,73.4,4.4,Ration no. 231
Babyfood; cereal; rice; dry,Baby Foods,6.7,391,7.1,77.7,4.9,Ration no. 239
Babyfood; cookie; baby; fruit,Baby Foods,5.7,435,6.8,73.7,12.6,Ration no. 243
Babyfood; cookies,Baby Foods,5.9,433,11.8,67.1,13.2,Ration no. 244
Babyfood; cookies; arrowroot,Baby Foods,5.6,442,7.6,71.1,14.3,Ration no. 245
Babyfood; crackers; vegetable,Baby Foods,2.0,477,8.4,66.85,19.6,Ration no. 246
Babyfood; meat; lamb; junior,Baby Foods,79.6,112,15.2,0.0,5.2,Ration no. 251
Babyfood; pretzels,Baby Foods,4.0,397,10.8,82.2,2.0,Ration no. 258
Babyfood; teething biscuits,Baby Foods,6.4,391,10.7,76.4,4.2,Ration no. 262
Zwieback,Baby Foods,4.5,426,10.1,74.2,9.7,Ration no. 323
Animal fat; bacon grease,Fats and Oils,0.0,897,0.0,0.0,99.5,Ration no. 324
Fat; beef tallow,Fats and Oils,0.0,902,0.0,0.0,100.0,Ration no. 331
Fat; chicken,Fats and Oils,0.2,900,0.0,0.0,99.8,Ration no. 332
Fat; duck,Fats and Oils,0.2,882,0.0,0.0,99.8,Ration no. 333
Fat; goose,Fats and Oils,0.2,900,0.0,0.0,99.8,Ration no. 334
Fat; mutton tallow,Fats and Oils,0.0,902,0.0,0.0,100.0,Ration no. 335
Fat; turkey,Fats and Oils,0.2,900,0.0,0.0,99.8,Ration no. 336
Fish oil; cod liver,Fats and Oils,0.0,902,0.0,0.0,100.0,Ration no. 337
Fish oil; herring,Fats and Oils,0.0,902,0.0,0.0,100.0,Ration no. 338
Fish oil; menhaden,Fats and Oils,0.0,902,0.0,0.0,100.0,Ration no. 339
Fish oil; salmon,Fats and Oils,0.0,902,0.0,0.0,100.0,Ration no. 341
Fish oil; sardine,Fats and Oils,0.0,902,0.0,0.0,100.0,Ration no. 342
Lard,Fats and Oils,0.0,902,0.0,0.0,100.0,Ration no. 343
Mayonnaise; made with tofu,Fats and Oils,56.33,322,5.95,3.06,31.79,Ration no. 386
Oil; almond,Fats and Oils,0.0,884,0.0,0.0,100.0,Ration no. 390
Oil; apricot kernel,Fats and Oils,0.0,884,0.0,0.0,100.0,Ration no. 391
Oil; avocado,Fats and Oils,0.0,884,0.0,0.0,100.0,Ration no. 392
Oil; babassu,Fats and Oils,0.0,884,0.0,0.0,100.0,Ration no. 393
Oil; canola,Fats and Oils,0.0,884,0.0,0.0,100.0,Ration no. 394
Oil; cocoa butter,Fats and Oils,0.0,884,0.0,0.0,100.0,Ration no. 395
Oil; coconut,Fats and Oils,0.0,862,0.0,0.0,100.0,Ration no. 396
Oil; corn and canola,Fats and Oils,0.0,884,0.0,0.0,100.0,Ration no. 398
Oil; corn; peanut; and olive,Fats and Oils,0.0,884,0.0,0.0,100.0,Ration no. 400
Oil; cupu assu,Fats and Oils,0.0,884,0.0,0.0,100.0,Ration no. 402
Oil; flaxseed,Fats and Oils,0.0,884,0.0,0.0,100.0,Ration no. 403
Oil; grapeseed,Fats and Oils,0.0,884,0.0,0.0,100.0,Ration no. 404
Oil; hazelnut,Fats and Oils,0.0,884,0.0,0.0,100.0,Ration no. 405
Oil; mustard,Fats and Oils,0.0,884,0.0,0.0,100.0,Ration no. 430
Oil; nutmeg butter,Fats and Oils,0.0,884,0.0,0.0,100.0,Ration no. 431
Oil; oat,Fats and Oils,0.0,884,0.0,0.0,100.0,Ration no. 432
Oil; olive; salad or cooking,Fats and Oils,0.0,884,0.0,0.0,100.0,Ration no. 433
Oil; palm,Fats and Oils,0.0,884,0.0,0.0,100.0,Ration no. 434
Oil; peanut; salad or cooking,Fats and Oils,0.0,884,0.0,0.0,100.0,Ration no. 435
Oil; poppyseed,Fats and Oils,0.0,884,0.0,0.0,100.0,Ration no. 436
Oil; rice bran,Fats and Oils,0.0,884,0.0,0.0,100.0,Ration no. 437
Oil; sesame; salad or cooking,Fats and Oils,0.0,884,0.0,0.0,100.0,Ration no. 440
Oil; sheanut,Fats and Oils,0.0,884,0.0,0.0,100.0,Ration no. 441
Oil; soybean lecithin,Fats and Oils,0.0,763,0.0,0.0,100.0,Ration no. 442
Oil; teaseed,Fats and Oils,0.0,884,0.0,0.0,100.0,Ration no. 450
Oil; tomatoseed,Fats and Oils,0.0,884,0.0,0.0,100.0,Ration no. 451
Oil; ucuhuba butter,Fats and Oils,0.0,884,0.0,0.0,100.0,Ration no. 452
Oil; walnut,Fats and Oils,0.0,884,0.0,0.0,100.0,Ration no. 454
Oil; wheat germ,Fats and Oils,0.0,884,0.0,0.0,100.0,Ration no. 455
Salad dressing; coleslaw,Fats and Oils,39.9,390,0.9,23.8,33.4,Ration no. 468
Vegetable oil; palm kernel,Fats and Oils,0.0,862,0.0,0.0,100.0,Ration no. 525
Chicken patty; frozen; cooked,Poultry Products,50.82,287,14.85,12.84,19.58,Ration no. 532
Chicken; canned; no broth,Poultry Products,64.9,185,25.3,0.9,8.1,Ration no. 649
Chicken; capons; giblets; raw,Poultry Products,74.12,130,18.28,1.42,5.18,Ration no. 651
Chicken; feet; boiled,Poultry Products,65.8,215,19.4,0.2,14.6,Ration no. 660
Chicken; ground; raw,Poultry Products,73.24,143,17.44,0.04,8.1,Ration no. 663
Dove; cooked (includes squab),Poultry Products,62.0,213,23.9,0.0,13.0,Ration no. 696
Emu; fan fillet; raw,Poultry Products,74.62,103,22.5,0.0,0.8,Ration no. 709
Emu; flat fillet; raw,Poultry Products,75.4,102,22.25,0.0,0.74,Ration no. 710
Emu; full rump; raw,Poultry Products,73.79,112,22.83,0.0,1.64,Ration no. 712
Emu; ground; raw,Poultry Products,72.87,134,22.77,0.0,4.03,Ration no. 714
Emu; inside drum; raw,Poultry Products,74.73,108,22.22,0.0,1.49,Ration no. 715
Emu; outside drum; raw,Poultry Products,74.87,103,23.08,0.0,0.48,Ration no. 717
Emu; oyster; raw,Poultry Products,72.57,141,22.81,0.0,4.86,Ration no. 718
Goose; liver; raw,Poultry Products,71.78,133,16.37,6.32,4.28,Ration no. 724
Ground Turkey; fat free; raw,Poultry Products,74.66,112,23.57,0.0,1.95,Ration no. 725
Guinea hen; meat only; raw,Poultry Products,74.44,110,20.64,0.0,2.47,Ration no. 735
Ostrich; fan; raw,Poultry Products,75.93,117,21.81,0.0,2.65,Ration no. 736
Ostrich; ground; raw,Poultry Products,71.07,165,20.22,0.0,8.7,Ration no. 738
Ostrich; inside leg; cooked,Poultry Products,69.95,141,29.01,0.0,1.94,Ration no. 739
Ostrich; inside leg; raw,Poultry Products,75.97,111,22.39,0.0,1.72,Ration no. 740
Ostrich; inside strip; cooked,Poultry Products,66.53,164,29.37,0.0,4.26,Ration no. 741
Ostrich; inside strip; raw,Poultry Products,74.16,127,23.69,0.0,2.87,Ration no. 742
Ostrich; outside leg; raw,Poultry Products,75.59,115,22.86,0.0,1.96,Ration no. 743
Ostrich; outside strip; raw,Poultry Products,74.58,120,23.36,0.0,2.21,Ration no. 745
Ostrich; oyster; cooked,Poultry Products,67.55,159,28.81,0.0,3.97,Ration no. 746
Ostrich; oyster; raw,Poultry Products,75.62,125,21.55,0.0,3.67,Ration no. 747
Ostrich; round; raw,Poultry Products,75.68,116,21.99,0.0,2.4,Ration no. 748
Ostrich; tenderloin; raw,Poultry Products,74.5,123,22.07,0.0,3.19,Ration no. 749
Ostrich; tip trimmed; cooked,Poultry Products,68.51,145,28.49,0.0,2.57,Ration no. 750
Ostrich; tip trimmed; raw,Poultry Products,76.12,114,21.85,0.0,2.3,Ration no. 751
Ostrich; top loin; cooked,Poultry Products,67.95,155,28.12,0.0,3.87,Ration no. 752
Ostrich; top loin; raw,Poultry Products,75.35,119,21.67,0.0,2.95,Ration no. 753
Pheasant; leg; meat only; raw,Poultry Products,73.4,134,22.2,0.0,4.3,Ration no. 757
Pheasant; raw; meat and skin,Poultry Products,67.77,181,22.7,0.0,9.29,Ration no. 758
Pheasant; raw; meat only,Poultry Products,72.77,133,23.57,0.0,3.64,Ration no. 759
Quail; breast; meat only; raw,Poultry Products,71.67,123,22.59,0.0,2.99,Ration no. 765
Quail; cooked; total edible,Poultry Products,60.0,227,25.1,0.0,14.1,Ration no. 766
Quail; meat and skin; raw,Poultry Products,69.65,192,19.63,0.0,12.05,Ration no. 767
Quail; meat only; raw,Poultry Products,70.03,134,21.76,0.0,4.53,Ration no. 768
Turkey bacon; cooked,Poultry Products,32.6,382,29.6,3.1,27.9,Ration no. 772
Adobo fresco,"Soups, Sauces, and Gravies",22.1,271,2.0,18.6,20.9,Ration no. 906
Gravy; au jus; dry,"Soups, Sauces, and Gravies",2.74,313,9.2,47.49,9.63,Ration no. 915
Gravy; brown instant; dry,"Soups, Sauces, and Gravies",5.51,380,8.53,59.78,11.85,Ration no. 916
Gravy; brown; dry,"Soups, Sauces, and Gravies",5.0,367,10.74,59.38,9.61,Ration no. 917
Gravy; chicken; dry,"Soups, Sauces, and Gravies",3.85,381,11.27,62.09,9.73,Ration no. 918
Gravy; instant beef; dry,"Soups, Sauces, and Gravies",4.65,369,9.8,61.1,9.48,Ration no. 919
Gravy; instant turkey; dry,"Soups, Sauces, and Gravies",5.24,409,11.72,57.56,14.66,Ration no. 920
Gravy; mushroom; dry; powder,"Soups, Sauces, and Gravies",3.34,328,10.0,64.66,4.0,Ration no. 921
Gravy; onion; dry; mix,"Soups, Sauces, and Gravies",4.36,322,9.0,67.64,3.0,Ration no. 922
Gravy; pork; dry; powder,"Soups, Sauces, and Gravies",4.43,367,8.78,63.57,8.63,Ration no. 923
Gravy; turkey; dry,"Soups, Sauces, and Gravies",4.67,367,10.42,65.12,7.19,Ration no. 924
Gravy; unspecified type; dry,"Soups, Sauces, and Gravies",4.0,344,13.0,58.0,8.0,Ration no. 925
Potato soup; instant; dry mix,"Soups, Sauces, and Gravies",5.8,343,9.2,76.14,3.1,Ration no. 926
Sauce; alfredo mix; dry,"Soups, Sauces, and Gravies",2.05,535,15.32,36.52,36.35,Ration no. 927
Sauce; barbecue,"Soups, Sauces, and Gravies",60.34,150,0.0,36.25,0.29,Ration no. 928
Sauce; barbecue; low sodium,"Soups, Sauces, and Gravies",60.34,150,0.0,36.25,0.29,Ration no. 929
Sauce; cheese sauce mix; dry,"Soups, Sauces, and Gravies",3.78,438,7.68,60.52,18.33,Ration no. 930
Sauce; cheese; dry; powder,"Soups, Sauces, and Gravies",4.09,448,22.69,33.66,25.44,Ration no. 931
Sauce; cheese; ready-to-serve,"Soups, Sauces, and Gravies",70.5,174,6.71,6.83,13.29,Ration no. 932
Sauce; hoisin; ready-to-serve,"Soups, Sauces, and Gravies",44.23,220,3.31,44.08,3.39,Ration no. 933
Sauce; homemade; white; thick,"Soups, Sauces, and Gravies",69.1,186,3.99,11.61,13.83,Ration no. 935
Sauce; homemade; white; thin,"Soups, Sauces, and Gravies",80.66,105,3.77,7.4,6.73,Ration no. 936
Sauce; plum; ready-to-serve,"Soups, Sauces, and Gravies",53.71,184,0.89,42.81,1.04,Ration no. 938
Soup; beef broth; cubed; dry,"Soups, Sauces, and Gravies",3.3,170,17.3,16.1,4.0,Ration no. 946
Soup; beef noodle; dry; mix,"Soups, Sauces, and Gravies",4.97,324,17.93,48.64,6.39,Ration no. 947
Soup; onion; dry; mix,"Soups, Sauces, and Gravies",3.79,293,7.48,65.07,0.34,Ration no. 958
Bacon and beef sticks,Sausages and Luncheon Meats,21.6,517,29.1,0.8,44.2,Ration no. 969
Barbecue loaf; pork; beef,Sausages and Luncheon Meats,64.82,173,15.84,6.4,8.9,Ration no. 970
Beef sausage; fresh; cooked,Sausages and Luncheon Meats,51.12,332,18.21,0.35,27.98,Ration no. 971
Beef sausage; pre-cooked,Sausages and Luncheon Meats,43.75,405,15.5,0.03,37.57,Ration no. 972
Beef; bologna; reduced sodium,Sausages and Luncheon Meats,54.8,310,11.7,2.0,28.4,Ration no. 973
Beef; cured; dried,Sausages and Luncheon Meats,53.8,153,31.1,2.76,1.94,Ration no. 975
Beef; cured; pastrami,Sausages and Luncheon Meats,69.53,147,21.8,0.36,5.82,Ration no. 977
Beef; cured; thin-sliced beef,Sausages and Luncheon Meats,58.1,176,28.11,5.71,3.84,Ration no. 980
Beerwurst; beer salami; pork,Sausages and Luncheon Meats,61.46,238,14.24,2.06,18.8,Ration no. 981
Beerwurst; pork and beef,Sausages and Luncheon Meats,56.71,276,14.0,4.27,22.53,Ration no. 983
Blood sausage,Sausages and Luncheon Meats,47.3,379,14.6,1.29,34.5,Ration no. 984
Bockwurst; pork; veal; raw,Sausages and Luncheon Meats,54.47,301,14.03,2.95,25.87,Ration no. 985
Bologna; beef,Sausages and Luncheon Meats,54.26,311,10.27,3.98,28.19,Ration no. 986
Bologna; beef and pork,Sausages and Luncheon Meats,51.87,308,15.2,5.49,24.59,Ration no. 987
Bologna; beef; low fat,Sausages and Luncheon Meats,65.0,204,11.8,5.2,14.8,Ration no. 989
Bologna; chicken; pork,Sausages and Luncheon Meats,50.85,336,10.31,4.19,30.61,Ration no. 990
Bologna; chicken; pork; beef,Sausages and Luncheon Meats,56.42,272,11.33,5.61,22.73,Ration no. 991
Bologna; pork,Sausages and Luncheon Meats,60.6,247,15.3,0.73,19.87,Ration no. 993
Bologna; turkey,Sausages and Luncheon Meats,64.55,209,11.42,4.68,16.05,Ration no. 996
Bratwurst; chicken; cooked,Sausages and Luncheon Meats,70.28,176,19.44,0.0,10.35,Ration no. 998
Bratwurst; pork; cooked,Sausages and Luncheon Meats,51.45,333,13.72,2.85,29.18,Ration no. 1000
Bratwurst; veal; cooked,Sausages and Luncheon Meats,53.51,341,13.99,0.0,31.7,Ration no. 1001
Brotwurst; pork; beef; link,Sausages and Luncheon Meats,51.3,323,14.3,2.93,27.8,Ration no. 1003
Chicken roll; light meat,Sausages and Luncheon Meats,72.41,110,16.64,4.66,2.73,Ration no. 1011
Chicken spread,Sausages and Luncheon Meats,57.41,158,18.01,4.05,17.56,Ration no. 1012
Chorizo; pork and beef,Sausages and Luncheon Meats,31.85,455,24.1,1.86,38.27,Ration no. 1013
Corned beef loaf; jellied,Sausages and Luncheon Meats,69.1,153,22.9,0.0,6.1,Ration no. 1014
Frankfurter; beef,Sausages and Luncheon Meats,52.01,330,11.24,4.06,29.57,Ration no. 1016
Frankfurter; beef and pork,Sausages and Luncheon Meats,55.96,305,11.53,1.72,27.64,Ration no. 1017
Frankfurter; beef; heated,Sausages and Luncheon Meats,52.18,326,11.54,3.77,29.46,Ration no. 1019
Frankfurter; beef; low fat,Sausages and Luncheon Meats,63.8,230,12.0,1.6,19.5,Ration no. 1020
Frankfurter; chicken,Sausages and Luncheon Meats,62.5,223,15.51,2.74,16.19,Ration no. 1022
Frankfurter; low sodium,Sausages and Luncheon Meats,56.7,312,12.0,1.8,28.51,Ration no. 1023
Frankfurter; meat,Sausages and Luncheon Meats,56.31,290,10.26,4.17,25.76,Ration no. 1024
Frankfurter; meat; heated,Sausages and Luncheon Meats,57.82,278,9.77,4.9,24.31,Ration no. 1026
Frankfurter; pork,Sausages and Luncheon Meats,59.85,269,12.81,0.28,23.68,Ration no. 1027
Frankfurter; turkey,Sausages and Luncheon Meats,62.99,223,12.23,3.81,17.29,Ration no. 1028
HORMEL WRANGLER Beef Franks,Sausages and Luncheon Meats,56.67,290,12.58,2.11,25.69,Ration no. 1032
Ham and cheese loaf or roll,Sausages and Luncheon Meats,60.3,241,13.6,4.0,18.7,Ration no. 1033
Ham and cheese spread,Sausages and Luncheon Meats,59.13,245,16.18,2.28,18.53,Ration no. 1034
Ham salad spread,Sausages and Luncheon Meats,62.6,216,8.68,10.64,15.53,Ration no. 1035
Ham; chopped; canned,Sausages and Luncheon Meats,60.77,239,16.06,0.26,18.83,Ration no. 1036
Ham; chopped; not canned,Sausages and Luncheon Meats,65.3,180,16.5,4.2,10.3,Ration no. 1037
Ham; honey; smoked; cooked,Sausages and Luncheon Meats,69.94,122,17.93,7.27,2.37,Ration no. 1038
Ham; minced,Sausages and Luncheon Meats,57.35,263,16.28,1.84,20.68,Ration no. 1039
Ham; sliced; extra lean,Sausages and Luncheon Meats,73.9,107,18.85,0.75,2.59,Ration no. 1040
Headcheese; pork,Sausages and Luncheon Meats,73.84,157,13.83,0.0,10.9,Ration no. 1042
Honey loaf; pork; beef,Sausages and Luncheon Meats,70.47,125,11.12,9.98,4.47,Ration no. 1043
Honey roll sausage; beef,Sausages and Luncheon Meats,64.78,182,18.58,2.18,10.5,Ration no. 1044
LOUIS RICH; Turkey Bacon,Sausages and Luncheon Meats,59.0,250,15.1,1.7,20.3,Ration no. 1053
LOUIS RICH; Turkey Bologna,Sausages and Luncheon Meats,67.55,184,11.3,4.85,13.2,Ration no. 1054
LOUIS RICH; Turkey Salami,Sausages and Luncheon Meats,71.9,147,15.3,0.4,9.4,Ration no. 1059
Lebanon bologna; beef,Sausages and Luncheon Meats,65.77,172,19.03,0.44,10.44,Ration no. 1062
Liver cheese; pork,Sausages and Luncheon Meats,53.6,304,15.2,2.1,25.6,Ration no. 1063
Liverwurst spread,Sausages and Luncheon Meats,53.53,305,12.38,5.89,25.45,Ration no. 1065
Luncheon meat; beef; loaved,Sausages and Luncheon Meats,52.5,308,14.4,2.9,26.2,Ration no. 1066
Luncheon meat; pork; beef,Sausages and Luncheon Meats,49.28,353,12.59,2.33,32.16,Ration no. 1070
Luncheon meat; pork; canned,Sausages and Luncheon Meats,51.5,334,12.5,2.1,30.3,Ration no. 1071
Luxury loaf; pork,Sausages and Luncheon Meats,68.2,141,18.4,4.9,4.8,Ration no. 1074
Mortadella; beef; pork,Sausages and Luncheon Meats,52.3,311,16.37,3.05,25.39,Ration no. 1076
Mother's loaf; pork,Sausages and Luncheon Meats,54.9,282,12.07,7.53,22.3,Ration no. 1077
OSCAR MAYER; Bologna (beef),Sausages and Luncheon Meats,54.15,316,11.05,2.45,29.1,Ration no. 1080
OSCAR MAYER; Head Cheese,Sausages and Luncheon Meats,67.5,185,15.7,0.0,13.5,Ration no. 1092
OSCAR MAYER; Salami (Genoa),Sausages and Luncheon Meats,39.1,388,20.7,1.2,33.3,Ration no. 1099
OSCAR MAYER; Salami (hard),Sausages and Luncheon Meats,38.25,368,25.9,1.6,28.7,Ration no. 1101
OSCAR MAYER; Smokies (beef),Sausages and Luncheon Meats,56.3,296,12.25,1.95,26.65,Ration no. 1106
OSCAR MAYER; Smokies (cheese),Sausages and Luncheon Meats,54.9,303,12.9,1.8,27.1,Ration no. 1107
Olive loaf; pork,Sausages and Luncheon Meats,58.2,235,11.8,9.2,16.5,Ration no. 1120
Pastrami; turkey,Sausages and Luncheon Meats,71.73,133,16.3,1.79,6.21,Ration no. 1122
Pate; chicken liver; canned,Sausages and Luncheon Meats,65.64,201,13.45,6.55,13.1,Ration no. 1123
Pate; truffle flavor,Sausages and Luncheon Meats,51.8,327,11.2,6.3,28.5,Ration no. 1126
Peppered loaf; pork; beef,Sausages and Luncheon Meats,67.4,149,17.3,4.53,6.37,Ration no. 1127
Pepperoni; pork; beef,Sausages and Luncheon Meats,30.72,494,22.68,0.0,43.98,Ration no. 1128
Picnic loaf; pork; beef,Sausages and Luncheon Meats,60.2,232,14.92,4.76,16.64,Ration no. 1130
Polish sausage; pork,Sausages and Luncheon Meats,53.15,326,14.1,1.63,28.72,Ration no. 1131
Pork sausage; fresh; cooked,Sausages and Luncheon Meats,49.78,339,19.43,0.0,28.36,Ration no. 1135
Pork sausage; fresh; raw,Sausages and Luncheon Meats,56.22,304,15.09,0.0,26.53,Ration no. 1136
Pork sausage; pre-cooked,Sausages and Luncheon Meats,47.97,378,14.49,0.0,35.04,Ration no. 1137
Poultry salad sandwich spread,Sausages and Luncheon Meats,66.17,200,11.64,7.41,13.52,Ration no. 1138
Roast beef spread,Sausages and Luncheon Meats,61.7,223,15.27,3.73,16.28,Ration no. 1139
Salami; Italian; pork,Sausages and Luncheon Meats,34.6,425,21.7,1.2,37.0,Ration no. 1140
Salami; cooked; beef,Sausages and Luncheon Meats,60.0,261,12.6,1.9,22.2,Ration no. 1142
Salami; cooked; beef and pork,Sausages and Luncheon Meats,45.19,336,21.85,2.4,25.9,Ration no. 1143
Salami; cooked; turkey,Sausages and Luncheon Meats,68.93,172,19.3,1.55,9.21,Ration no. 1144
Salami; dry or hard; pork,Sausages and Luncheon Meats,36.18,407,22.58,1.6,33.72,Ration no. 1145
Sandwich spread; pork; beef,Sausages and Luncheon Meats,60.28,235,7.66,11.94,17.34,Ration no. 1148
Sausage; Berliner; pork; beef,Sausages and Luncheon Meats,60.97,230,15.27,2.59,17.2,Ration no. 1149
Sausage; Italian; pork; raw,Sausages and Luncheon Meats,51.08,346,14.25,0.65,31.33,Ration no. 1151
Sausage; turkey; hot; smoked,Sausages and Luncheon Meats,68.5,158,15.05,4.65,8.75,Ration no. 1163
Scrapple; pork,Sausages and Luncheon Meats,62.47,213,8.06,14.06,13.87,Ration no. 1164
Smoked link sausage; pork,Sausages and Luncheon Meats,56.49,307,11.98,0.18,28.23,Ration no. 1165
Turkey breast meat,Sausages and Luncheon Meats,74.07,104,17.07,4.21,1.66,Ration no. 1171
Turkey sausage; fresh; cooked,Sausages and Luncheon Meats,65.06,196,23.89,0.0,10.44,Ration no. 1176
Turkey sausage; fresh; raw,Sausages and Luncheon Meats,70.42,155,18.79,0.47,8.08,Ration no. 1177
AMARANTH FLAKES,Breakfast Cereals,3.0,353,15.54,71.15,7.0,Ration no. 1186
Cereals ready-to-eat; FAMILIA,Breakfast Cereals,1.9,388,9.5,73.8,6.3,Ration no. 1195
Cereals; CREAM OF RICE; dry,Breakfast Cereals,10.5,370,6.3,82.4,0.5,Ration no. 1449
Cereals; MALTEX; dry,Breakfast Cereals,7.5,352,11.2,77.3,2.1,Ration no. 1463
Cereals; MAYPO; dry,Breakfast Cereals,6.3,385,13.2,72.0,5.3,Ration no. 1464
Cereals; RALSTON; dry,Breakfast Cereals,9.9,341,14.1,72.1,2.1,Ration no. 1509
Cereals; WHEATENA; dry,Breakfast Cereals,6.5,357,13.1,75.6,2.9,Ration no. 1511
Cereals; ready-to-eat; ALPEN,Breakfast Cereals,7.4,352,11.2,75.7,3.3,Ration no. 1524
Milk and cereal bar,Breakfast Cereals,8.69,413,6.47,72.05,10.98,Ration no. 1529
Millet; puffed,Breakfast Cereals,2.5,354,13.0,80.0,3.4,Ration no. 1530
Rice and Wheat cereal bar,Breakfast Cereals,7.5,409,9.09,72.73,9.09,Ration no. 1531
Avocados; raw; California,Fruits and Fruit Juices,72.33,167,1.96,8.64,15.41,Ration no. 1540
Avocados; raw; Florida,Fruits and Fruit Juices,78.81,120,2.23,7.82,10.06,Ration no. 1541
Breadfruit; raw,Fruits and Fruit Juices,70.65,103,1.07,27.12,0.23,Ration no. 1545
Candied fruit,Fruits and Fruit Juices,16.7,322,0.34,82.74,0.07,Ration no. 1546
Cranberries; dried; sweetened,Fruits and Fruit Juices,16.0,308,0.07,82.36,1.37,Ration no. 1549
Currants; zante; dried,Fruits and Fruit Juices,19.21,283,4.08,74.08,0.27,Ration no. 1552
Dates; deglet noor,Fruits and Fruit Juices,20.53,282,2.45,75.03,0.39,Ration no. 1554
Dates; medjool,Fruits and Fruit Juices,21.32,277,1.81,74.97,0.15,Ration no. 1555
Durian; raw or frozen,Fruits and Fruit Juices,64.99,147,1.47,27.09,5.33,Ration no. 1556
Figs; dried; stewed,Fruits and Fruit Juices,69.8,107,1.42,27.57,0.4,Ration no. 1558
Figs; dried; uncooked,Fruits and Fruit Juices,30.05,249,3.3,63.87,0.93,Ration no. 1559
Jujube; dried,Fruits and Fruit Juices,19.7,287,3.7,73.6,1.1,Ration no. 1563
Litchis; dried,Fruits and Fruit Juices,22.3,277,3.8,70.7,1.2,Ration no. 1564
Longans; dried,Fruits and Fruit Juices,17.6,286,4.9,74.0,0.4,Ration no. 1565
Persimmons; japanese; dried,Fruits and Fruit Juices,23.01,274,1.38,73.43,0.59,Ration no. 1578
Persimmons; native; raw,Fruits and Fruit Juices,64.4,127,0.8,33.5,0.4,Ration no. 1579
Plantains; cooked,Fruits and Fruit Juices,67.3,116,0.79,31.15,0.18,Ration no. 1581
Plantains; green; fried,Fruits and Fruit Juices,36.08,309,1.5,49.17,11.81,Ration no. 1582
Plantains; raw,Fruits and Fruit Juices,65.28,122,1.3,31.89,0.37,Ration no. 1583
Prune puree,Fruits and Fruit Juices,30.0,257,2.1,65.1,0.2,Ration no. 1589
Raisins; golden seedless,Fruits and Fruit Juices,14.97,302,3.39,79.52,0.46,Ration no. 1593
Raisins; seeded,Fruits and Fruit Juices,16.57,296,2.52,78.47,0.54,Ration no. 1594
Raisins; seedless,Fruits and Fruit Juices,15.43,299,3.07,79.18,0.46,Ration no. 1595
Rowal; raw,Fruits and Fruit Juices,71.4,111,2.3,23.9,2.0,Ration no. 1598
Sapote; mamey; raw,Fruits and Fruit Juices,64.87,124,1.45,32.1,0.46,Ration no. 1599
Tamarinds; raw,Fruits and Fruit Juices,31.4,239,2.8,62.5,0.6,Ration no. 1600
HORMEL Canadian Style Bacon,Pork Products,72.95,122,16.88,1.87,4.94,Ration no. 1607
HORMEL; Cure 81 Ham,Pork Products,74.25,106,18.43,0.21,3.59,Ration no. 1608
Pork; cured; bacon; raw,Pork Products,40.2,458,11.6,0.66,45.04,Ration no. 1621
Pork; cured; feet; pickled,Pork Products,75.0,140,11.63,0.01,10.02,Ration no. 1626
Pork; cured; salt pork; raw,Pork Products,11.0,748,5.05,0.0,80.5,Ration no. 1718
Pork; fresh; backfat; raw,Pork Products,7.69,812,2.92,0.0,88.69,Ration no. 1725
Pork; fresh; belly; raw,Pork Products,36.74,518,9.34,0.0,53.01,Ration no. 1728
Pork; fresh; ground; cooked,Pork Products,52.75,297,25.69,0.0,20.77,Ration no. 1753
Pork; fresh; ground; raw,Pork Products,61.06,263,16.88,0.0,21.19,Ration no. 1754
Pork; pickled pork hocks,Pork Products,68.02,171,19.11,0.0,10.54,Ration no. 1919
USDA Commodity; pork; canned,Pork Products,65.82,196,19.4,0.59,12.95,Ration no. 1921
Arrowhead; raw,Vegetables and Vegetable Products,72.48,99,5.33,20.23,0.29,Ration no. 1926
Carrot; dehydrated,Vegetables and Vegetable Products,4.0,341,8.1,79.57,1.49,Ration no. 1930
Cassava; raw,Vegetables and Vegetable Products,59.68,160,1.36,38.06,0.28,Ration no. 1931
Celery flakes; dried,Vegetables and Vegetable Products,9.0,319,11.3,63.7,2.1,Ration no. 1932
Chives; freeze-dried,Vegetables and Vegetable Products,2.0,311,21.2,64.29,3.5,Ration no. 1933
Corn pudding; home prepared,Vegetables and Vegetable Products,72.33,131,4.42,16.97,5.04,Ration no. 1934
Edamame; frozen; prepared,Vegetables and Vegetable Products,72.77,122,10.88,9.94,5.2,Ration no. 1939
Edamame; frozen; unprepared,Vegetables and Vegetable Products,75.17,110,10.25,8.58,4.73,Ration no. 1940
Eppaw; raw,Vegetables and Vegetable Products,60.0,150,4.6,31.68,1.8,Ration no. 1941
Fireweed; leaves; raw,Vegetables and Vegetable Products,70.78,103,4.71,19.22,2.75,Ration no. 1942
Fungi; Cloud ears; dried,Vegetables and Vegetable Products,14.8,284,9.25,73.01,0.73,Ration no. 1943
Garlic; raw,Vegetables and Vegetable Products,58.58,149,6.36,33.06,0.5,Ration no. 1944
Kanpyo; (dried gourd strips),Vegetables and Vegetable Products,19.97,258,8.58,65.04,0.56,Ration no. 1945
Lemon grass (citronella); raw,Vegetables and Vegetable Products,70.58,99,1.82,25.31,0.49,Ration no. 1947
Lentils; sprouted; raw,Vegetables and Vegetable Products,67.34,106,8.96,22.14,0.55,Ration no. 1950
Mushrooms; shiitake; dried,Vegetables and Vegetable Products,9.5,296,9.58,75.37,0.99,Ration no. 1960
Onions; dehydrated flakes,Vegetables and Vegetable Products,3.93,349,8.95,83.28,0.46,Ration no. 1963
Onions; yellow; sauteed,Vegetables and Vegetable Products,80.01,132,0.95,7.86,10.8,Ration no. 1964
Palm hearts; raw,Vegetables and Vegetable Products,69.5,115,2.7,25.61,0.2,Ration no. 1965
Parsley; freeze-dried,Vegetables and Vegetable Products,2.0,271,31.3,42.38,5.2,Ration no. 1966
Pepeao; dried,Vegetables and Vegetable Products,11.14,298,4.82,81.03,0.44,Ration no. 1968
Pepper; ancho; dried,Vegetables and Vegetable Products,22.63,281,11.86,51.41,8.2,Ration no. 1969
Peppers; hot chile; sun-dried,Vegetables and Vegetable Products,7.15,324,10.58,69.86,5.81,Ration no. 1970
Peppers; pasilla; dried,Vegetables and Vegetable Products,14.84,345,12.35,51.13,15.85,Ration no. 1971
Peppers; sweet; red; sauteed,Vegetables and Vegetable Products,78.95,133,1.04,6.57,12.75,Ration no. 1975
Pickle relish; hamburger,Vegetables and Vegetable Products,61.12,129,0.63,34.48,0.54,Ration no. 1976
Pickle relish; sweet,Vegetables and Vegetable Products,62.07,130,0.37,35.06,0.47,Ration no. 1977
Poi,Vegetables and Vegetable Products,71.64,112,0.38,27.23,0.14,Ration no. 1983
Potato flour,Vegetables and Vegetable Products,6.52,357,6.9,83.1,0.34,Ration no. 1984
Potato pancakes,Vegetables and Vegetable Products,47.77,268,6.08,27.81,14.76,Ration no. 1985
Potato salad; home-prepared,Vegetables and Vegetable Products,76.0,143,2.68,11.17,8.2,Ration no. 1988
Pumpkin pie mix; canned,Vegetables and Vegetable Products,71.49,104,1.09,26.39,0.13,Ration no. 2030
Radishes; oriental; dried,Vegetables and Vegetable Products,19.68,271,7.9,63.37,0.72,Ration no. 2031
Seaweed; agar; dried,Vegetables and Vegetable Products,8.68,306,6.21,80.88,0.3,Ration no. 2032
Seaweed; spirulina; dried,Vegetables and Vegetable Products,4.68,290,57.47,23.9,7.72,Ration no. 2033
Shallots; freeze-dried,Vegetables and Vegetable Products,2.0,348,12.3,80.7,0.5,Ration no. 2034
Soybeans; green; raw,Vegetables and Vegetable Products,67.5,147,12.95,11.05,6.8,Ration no. 2037
Spinach souffle,Vegetables and Vegetable Products,70.73,172,7.89,5.9,12.95,Ration no. 2041
Sweet potato; canned; mashed,Vegetables and Vegetable Products,73.88,101,1.98,23.19,0.2,Ration no. 2045
Taro; cooked; with salt,Vegetables and Vegetable Products,63.8,142,0.52,34.6,0.11,Ration no. 2050
Taro; cooked; without salt,Vegetables and Vegetable Products,63.8,142,0.52,34.6,0.11,Ration no. 2051
Taro; raw,Vegetables and Vegetable Products,70.64,112,1.5,26.46,0.2,Ration no. 2052
Tomato powder,Vegetables and Vegetable Products,3.06,302,12.91,74.68,0.44,Ration no. 2053
Tomatoes; sun-dried,Vegetables and Vegetable Products,14.56,258,14.11,55.76,2.97,Ration no. 2054
Wasabi; root; raw,Vegetables and Vegetable Products,69.11,109,4.8,23.54,0.63,Ration no. 2057
Winged bean tuber; raw,Vegetables and Vegetable Products,57.4,148,11.6,28.1,0.9,Ration no. 2058
Yam; raw,Vegetables and Vegetable Products,69.6,118,1.53,27.88,0.17,Ration no. 2061
Yeast extract spread,Vegetables and Vegetable Products,37.0,158,27.8,11.8,0.0,Ration no. 2062
Nuts; acorn flour; full fat,Nut and Seed Products,6.0,501,7.49,54.65,30.17,Ration no. 2063
Nuts; acorns; dried,Nut and Seed Products,5.06,509,8.1,53.66,31.41,Ration no. 2064
Nuts; acorns; raw,Nut and Seed Products,27.9,387,6.15,40.75,23.86,Ration no. 2065
Nuts; almond paste,Nut and Seed Products,14.08,458,9.0,47.81,27.74,Ration no. 2068
Nuts; almonds,Nut and Seed Products,4.7,575,21.22,21.67,49.42,Ration no. 2069
Nuts; almonds; blanched,Nut and Seed Products,4.51,590,21.4,18.67,52.52,Ration no. 2070
Nuts; beechnuts; dried,Nut and Seed Products,6.6,576,6.2,33.5,50.0,Ration no. 2076
Nuts; butternuts; dried,Nut and Seed Products,3.34,612,24.9,12.05,56.98,Ration no. 2078
Nuts; cashew nuts; raw,Nut and Seed Products,5.2,553,18.22,30.19,43.85,Ration no. 2085
Nuts; chestnuts; chinese; raw,Nut and Seed Products,43.95,224,4.2,49.07,1.11,Ration no. 2088
Nuts; coconut meat; raw,Nut and Seed Products,46.99,354,3.33,15.23,33.49,Ration no. 2107
Nuts; ginkgo nuts; canned,Nut and Seed Products,72.95,111,2.29,22.1,1.62,Ration no. 2114
Nuts; ginkgo nuts; dried,Nut and Seed Products,12.4,348,10.35,72.45,2.0,Ration no. 2115
Nuts; ginkgo nuts; raw,Nut and Seed Products,55.2,182,4.32,37.6,1.68,Ration no. 2116
Nuts; hazelnuts or filberts,Nut and Seed Products,5.31,628,14.95,16.7,60.75,Ration no. 2117
Nuts; hickorynuts; dried,Nut and Seed Products,2.65,657,12.72,18.25,64.37,Ration no. 2120
Nuts; macadamia nuts; raw,Nut and Seed Products,1.36,718,7.91,13.82,75.77,Ration no. 2123
Nuts; pecans,Nut and Seed Products,3.52,691,9.17,13.86,71.97,Ration no. 2130
Nuts; pilinuts; dried,Nut and Seed Products,2.77,719,10.8,3.98,79.55,Ration no. 2135
Nuts; pine nuts; dried,Nut and Seed Products,2.28,673,13.69,13.08,68.37,Ration no. 2136
Nuts; pistachio nuts; raw,Nut and Seed Products,3.91,562,20.27,27.51,45.39,Ration no. 2140
Nuts; walnuts; black; dried,Nut and Seed Products,4.56,618,24.06,9.91,59.0,Ration no. 2141
Nuts; walnuts; english,Nut and Seed Products,4.07,654,15.23,13.71,65.21,Ration no. 2142
Seeds; breadfruit seeds; raw,Nut and Seed Products,56.27,191,7.4,29.24,5.59,Ration no. 2144
Seeds; chia seeds; dried,Nut and Seed Products,4.9,490,15.62,43.85,30.75,Ration no. 2148
Seeds; flaxseed,Nut and Seed Products,6.96,534,18.29,28.88,42.16,Ration no. 2153
Seeds; lotus seeds; dried,Nut and Seed Products,14.16,332,15.41,64.47,1.97,Ration no. 2154
Seeds; sesame butter; paste,Nut and Seed Products,1.6,586,18.08,24.05,50.87,Ration no. 2162
Seeds; sesame flour; high-fat,Nut and Seed Products,0.9,526,30.78,26.62,37.1,Ration no. 2167
Seeds; sesame flour; low-fat,Nut and Seed Products,7.1,333,50.14,35.51,1.75,Ration no. 2168
Beef; grass-fed; ground; raw,Beef Products,67.13,192,19.42,0.0,12.73,Ration no. 2424
USDA Commodity; beef; canned,Beef Products,61.19,246,20.52,0.0,17.57,Ration no. 2798
Chocolate syrup,Beverages,31.0,279,2.1,65.1,1.13,Ration no. 2832
Cocoa mix; powder,Beverages,1.5,398,6.67,83.73,4.0,Ration no. 2840
Lemonade; powder,Beverages,1.43,378,0.0,97.23,1.05,Ration no. 2866
Lemonade-flavor drink; powder,Beverages,0.52,379,0.0,97.57,1.01,Ration no. 2867
Limeade; frozen concentrate,Beverages,37.46,247,0.0,62.32,0.0,Ration no. 2868
Shake; fast food; chocolate,Beverages,71.5,127,3.4,20.5,3.7,Ration no. 2878
Shake; fast food; strawberry,Beverages,74.1,113,3.4,18.9,2.8,Ration no. 2879
Shake; fast food; vanilla,Beverages,69.65,148,3.37,19.59,6.52,Ration no. 2880
Whiskey sour mix; powder,Beverages,0.6,383,0.6,97.3,0.1,Ration no. 2890
Fish; anchovy; european; raw,Finfish and Shellfish Products,73.37,131,20.35,0.0,4.84,Ration no. 2901
Fish; bluefish; raw,Finfish and Shellfish Products,70.86,124,20.04,0.0,4.24,Ration no. 2906
Fish; butterfish; raw,Finfish and Shellfish Products,74.13,146,17.28,0.0,8.02,Ration no. 2909
Fish; carp; cooked; dry heat,Finfish and Shellfish Products,69.63,162,22.86,0.0,7.17,Ration no. 2910
Fish; carp; raw,Finfish and Shellfish Products,76.31,127,17.83,0.0,5.6,Ration no. 2911
Fish; cisco; smoked,Finfish and Shellfish Products,69.8,177,16.36,0.0,11.9,Ration no. 2917
Fish; croaker; Atlantic; raw,Finfish and Shellfish Products,78.03,104,17.78,0.0,3.17,Ration no. 2922
Fish; cusk; cooked; dry heat,Finfish and Shellfish Products,69.68,112,24.35,0.0,0.88,Ration no. 2923
Fish; drum; freshwater; raw,Finfish and Shellfish Products,77.33,119,17.54,0.0,4.93,Ration no. 2926
Fish; eel; mixed species; raw,Finfish and Shellfish Products,68.26,184,18.44,0.0,11.66,Ration no. 2928
Fish; haddock; smoked,Finfish and Shellfish Products,71.48,116,25.23,0.0,0.96,Ration no. 2931
Fish; halibut; Greenland; raw,Finfish and Shellfish Products,70.27,186,14.37,0.0,13.84,Ration no. 2933
Fish; herring; Atlantic; raw,Finfish and Shellfish Products,72.05,158,17.96,0.0,9.04,Ration no. 2938
Fish; herring; Pacific; raw,Finfish and Shellfish Products,71.52,195,16.39,0.0,13.88,Ration no. 2940
Fish; ling; cooked; dry heat,Finfish and Shellfish Products,73.88,111,24.35,0.0,0.82,Ration no. 2941
Fish; mackerel; Atlantic; raw,Finfish and Shellfish Products,63.55,205,18.6,0.0,13.89,Ration no. 2944
Fish; mackerel; king; raw,Finfish and Shellfish Products,75.85,105,20.28,0.0,2.0,Ration no. 2949
Fish; mackerel; salted,Finfish and Shellfish Products,43.0,305,18.5,0.0,25.1,Ration no. 2950
Fish; mackerel; spanish; raw,Finfish and Shellfish Products,71.67,139,19.29,0.0,6.3,Ration no. 2952
Fish; milkfish; raw,Finfish and Shellfish Products,70.85,148,20.53,0.0,6.73,Ration no. 2954
Fish; mullet; striped; raw,Finfish and Shellfish Products,77.01,117,19.35,0.0,3.79,Ration no. 2956
Fish; pompano; florida; raw,Finfish and Shellfish Products,71.12,164,18.48,0.0,9.47,Ration no. 2963
Fish; roe; mixed species; raw,Finfish and Shellfish Products,67.73,143,22.32,1.5,6.42,Ration no. 2967
Fish; sablefish; raw,Finfish and Shellfish Products,71.02,195,13.41,0.0,15.3,Ration no. 2970
Fish; sablefish; smoked,Finfish and Shellfish Products,60.14,257,17.65,0.0,20.14,Ration no. 2971
Fish; salmon; chinook; raw,Finfish and Shellfish Products,71.64,179,19.93,0.0,10.43,Ration no. 2977
Fish; salmon; chinook; smoked,Finfish and Shellfish Products,72.0,117,18.28,0.0,4.32,Ration no. 2978
Fish; salmon; chum; raw,Finfish and Shellfish Products,75.38,120,20.14,0.0,3.77,Ration no. 2983
Fish; salmon; coho; wild; raw,Finfish and Shellfish Products,72.66,146,21.62,0.0,5.93,Ration no. 2988
Fish; salmon; pink; raw,Finfish and Shellfish Products,75.52,127,20.5,0.0,4.4,Ration no. 2993
Fish; salmon; sockeye; raw,Finfish and Shellfish Products,73.15,142,21.31,0.0,5.61,Ration no. 2997
Fish; scup; cooked; dry heat,Finfish and Shellfish Products,68.42,135,24.21,0.0,3.5,Ration no. 3000
Fish; scup; raw,Finfish and Shellfish Products,75.37,105,18.88,0.0,2.73,Ration no. 3001
Fish; shad; american; raw,Finfish and Shellfish Products,68.19,197,16.93,0.0,13.77,Ration no. 3006
Fish; sheepshead; raw,Finfish and Shellfish Products,77.97,108,20.21,0.0,2.41,Ration no. 3010
Fish; spot; cooked; dry heat,Finfish and Shellfish Products,69.17,158,23.73,0.0,6.28,Ration no. 3014
Fish; spot; raw,Finfish and Shellfish Products,75.95,123,18.51,0.0,4.9,Ration no. 3015
Fish; surimi,Finfish and Shellfish Products,76.34,99,15.18,6.85,0.9,Ration no. 3021
Fish; swordfish; raw,Finfish and Shellfish Products,73.38,144,19.66,0.0,6.65,Ration no. 3023
Fish; tuna salad,Finfish and Shellfish Products,63.16,187,16.04,9.41,9.26,Ration no. 3032
Bacon bits; meatless,Legumes and Legume Products,8.0,476,32.0,28.6,25.9,Ration no. 3075
Bacon; meatless,Legumes and Legume Products,48.98,310,10.68,6.32,29.52,Ration no. 3076
Beans; baked; home prepared,Legumes and Legume Products,65.17,155,5.54,21.63,5.15,Ration no. 3087
Carob flour,Legumes and Legume Products,3.58,222,4.62,88.88,0.65,Ration no. 3141
Chicken; meatless,Legumes and Legume Products,58.84,224,23.64,3.64,12.73,Ration no. 3142
Chickpea flour (besan),Legumes and Legume Products,10.28,387,22.39,57.82,6.69,Ration no. 3144
Chili with beans; canned,Legumes and Legume Products,75.51,112,5.71,11.91,5.49,Ration no. 3149
ENSURE FIBER WITH FOS; liquid,Legumes and Legume Products,76.0,101,3.43,16.36,2.38,Ration no. 3156
Falafel; home-prepared,Legumes and Legume Products,34.62,333,13.31,31.84,17.8,Ration no. 3157
Fish sticks; meatless,Legumes and Legume Products,45.0,290,23.0,9.0,18.0,Ration no. 3158
Frankfurter; meatless,Legumes and Legume Products,58.0,233,19.61,7.7,13.73,Ration no. 3159
GARDENBURGER; Garden Vegan,Legumes and Legume Products,68.3,106,12.5,17.0,1.0,Ration no. 3165
GARDENBURGER; Original,Legumes and Legume Products,61.9,145,6.4,25.3,4.5,Ration no. 3173
Hummus; commercial,Legumes and Legume Products,66.59,166,7.9,14.29,9.6,Ration no. 3178
Hummus; home prepared,Legumes and Legume Products,64.87,177,4.86,20.12,8.59,Ration no. 3179
Lentils; pink; raw,Legumes and Legume Products,11.79,345,24.95,59.15,2.17,Ration no. 3194
Lentils; raw,Legumes and Legume Products,10.4,353,25.8,60.08,1.06,Ration no. 3195
Luncheon slices; meatless,Legumes and Legume Products,65.01,189,17.78,4.44,11.11,Ration no. 3202
Lupins; mature seeds; raw,Legumes and Legume Products,10.44,371,36.17,40.38,9.74,Ration no. 3205
Meat extender,Legumes and Legume Products,7.48,313,38.11,38.32,2.97,Ration no. 3235
Meatballs; meatless,Legumes and Legume Products,58.0,197,21.0,8.0,9.0,Ration no. 3236
Miso,Legumes and Legume Products,43.02,199,11.69,26.47,6.01,Ration no. 3237
Mothbeans; mature seeds; raw,Legumes and Legume Products,9.68,343,22.94,61.52,1.61,Ration no. 3240
Mung beans; mature seeds; raw,Legumes and Legume Products,9.05,347,23.86,62.62,1.15,Ration no. 3243
Natto,Legumes and Legume Products,55.02,212,17.72,14.36,11.0,Ration no. 3247
Papad,Legumes and Legume Products,3.49,371,25.56,59.87,3.25,Ration no. 3249
Peanut butter; reduced sodium,Legumes and Legume Products,1.1,590,24.0,21.83,49.9,Ration no. 3254
Peanut flour; defatted,Legumes and Legume Products,7.8,327,52.2,34.7,0.55,Ration no. 3259
Peanut flour; low fat,Legumes and Legume Products,7.8,428,33.8,31.27,21.9,Ration no. 3260
Peanut spread; reduced sugar,Legumes and Legume Products,1.93,650,24.8,14.23,54.89,Ration no. 3261
Peanuts; all types; raw,Legumes and Legume Products,6.5,567,25.8,16.13,49.24,Ration no. 3267
Peanuts; spanish; raw,Legumes and Legume Products,6.39,570,26.15,15.82,49.6,Ration no. 3270
Peanuts; valencia; raw,Legumes and Legume Products,4.26,570,25.09,20.91,47.58,Ration no. 3273
Peanuts; virginia; raw,Legumes and Legume Products,6.91,563,25.19,16.54,48.75,Ration no. 3276
SILK French Vanilla Creamer,Legumes and Legume Products,72.95,133,0.0,20.0,6.67,Ration no. 3283
SILK Hazelnut Creamer,Legumes and Legume Products,72.95,133,0.0,20.0,6.67,Ration no. 3284
SILK Original Creamer,Legumes and Legume Products,86.29,100,0.0,6.67,6.67,Ration no. 3285
Sandwich spread; meatless,Legumes and Legume Products,70.0,149,8.0,9.0,9.0,Ration no. 3286
Sausage; meatless,Legumes and Legume Products,50.4,257,18.53,9.84,18.16,Ration no. 3287
Soy flour; defatted,Legumes and Legume Products,7.25,330,47.01,38.37,1.22,Ration no. 3288
Soy flour; full-fat; raw,Legumes and Legume Products,5.16,436,34.54,35.19,20.65,Ration no. 3290
Soy flour; full-fat; roasted,Legumes and Legume Products,3.81,441,34.8,33.67,21.86,Ration no. 3292
Soy flour; low-fat,Legumes and Legume Products,4.61,375,45.51,34.93,8.9,Ration no. 3294
Soy meal; defatted; raw,Legumes and Legume Products,6.94,339,44.95,40.14,2.39,Ration no. 3296
Soy protein isolate,Legumes and Legume Products,4.98,338,80.69,7.36,3.39,Ration no. 3301
Soybean; curd cheese,Legumes and Legume Products,70.9,151,12.5,6.9,8.1,Ration no. 3306
Soybeans; mature seeds; raw,Legumes and Legume Products,8.54,446,36.49,30.16,19.94,Ration no. 3310
Tempeh,Legumes and Legume Products,59.65,193,18.54,9.39,10.8,Ration no. 3313
Tempeh; cooked,Legumes and Legume Products,59.56,196,18.19,9.35,11.38,Ration no. 3314
Tofu; dried-frozen (koyadofu),Legumes and Legume Products,5.78,480,47.94,14.56,30.34,Ration no. 3315
Tofu; fried,Legumes and Legume Products,50.52,271,17.19,10.49,20.18,Ration no. 3317
Vegetarian fillets,Legumes and Legume Products,45.0,290,23.0,9.0,18.0,Ration no. 3324
Vegetarian stew,Legumes and Legume Products,70.0,123,17.0,7.0,3.0,Ration no. 3326
Vermicelli; made from soy,Legumes and Legume Products,11.9,331,0.1,82.32,0.1,Ration no. 3328
Bison; ground; grass-fed; raw,"Lamb, Veal, and Game Products",71.59,146,20.23,0.05,7.21,Ration no. 3362
Game meat; antelope; raw,"Lamb, Veal, and Game Products",74.08,114,22.38,0.0,2.03,Ration no. 3366
Game meat; bear; raw,"Lamb, Veal, and Game Products",71.2,161,20.1,0.0,8.3,Ration no. 3368
Game meat; beaver; raw,"Lamb, Veal, and Game Products",70.97,146,24.05,0.0,4.8,Ration no. 3370
Game meat; boar; wild; raw,"Lamb, Veal, and Game Products",72.54,122,21.51,0.0,3.33,Ration no. 3385
Game meat; caribou; raw,"Lamb, Veal, and Game Products",71.45,127,22.63,0.0,3.36,Ration no. 3389
Game meat; deer; ground; raw,"Lamb, Veal, and Game Products",71.15,157,21.78,0.0,7.13,Ration no. 3392
Game meat; deer; raw,"Lamb, Veal, and Game Products",73.57,120,22.96,0.0,2.42,Ration no. 3394
Game meat; elk; ground; raw,"Lamb, Veal, and Game Products",68.84,172,21.76,0.0,8.82,Ration no. 3400
Game meat; elk; raw,"Lamb, Veal, and Game Products",74.38,111,22.95,0.0,1.45,Ration no. 3402
Game meat; horse; raw,"Lamb, Veal, and Game Products",72.63,133,21.39,0.0,4.6,Ration no. 3407
Game meat; moose; raw,"Lamb, Veal, and Game Products",75.55,102,22.24,0.0,0.74,Ration no. 3409
Game meat; muskrat; raw,"Lamb, Veal, and Game Products",69.35,162,20.76,0.0,8.1,Ration no. 3411
Game meat; rabbit; wild; raw,"Lamb, Veal, and Game Products",74.51,114,21.79,0.0,2.32,Ration no. 3417
Game meat; squirrel; raw,"Lamb, Veal, and Game Products",73.83,120,21.23,0.0,3.21,Ration no. 3420
Goat; raw,"Lamb, Veal, and Game Products",75.84,109,20.6,0.0,2.31,Ration no. 3421
Lamb; ground; cooked; broiled,"Lamb, Veal, and Game Products",55.09,283,24.75,0.0,19.65,Ration no. 3587
Lamb; ground; raw,"Lamb, Veal, and Game Products",59.47,282,16.56,0.0,23.41,Ration no. 3588
Veal; ground; cooked; broiled,"Lamb, Veal, and Game Products",66.76,172,24.38,0.0,7.56,Ration no. 3632
Veal; ground; raw,"Lamb, Veal, and Game Products",72.84,144,19.35,0.0,6.77,Ration no. 3633
Bagels; cinnamon-raisin,Baked Products,32.0,273,9.8,55.2,1.7,Ration no. 3739
Bagels; egg,Baked Products,32.7,278,10.6,53.0,2.1,Ration no. 3741
Bagels; oat bran,Baked Products,32.9,255,10.7,53.3,1.2,Ration no. 3742
Bread sticks; plain,Baked Products,6.1,412,12.0,68.4,9.5,Ration no. 3759
Bread; boston brown; canned,Baked Products,47.2,195,5.2,43.3,1.5,Ration no. 3767
Bread; cracked-wheat,Baked Products,35.8,260,8.7,49.5,3.9,Ration no. 3772
Bread; egg,Baked Products,34.7,283,9.5,47.8,6.0,Ration no. 3773
Bread; egg; toasted,Baked Products,28.3,315,10.5,52.6,6.6,Ration no. 3774
Bread; italian,Baked Products,35.7,271,8.8,50.0,3.5,Ration no. 3778
Bread; oat bran,Baked Products,44.0,236,10.4,39.8,4.4,Ration no. 3779
Bread; oat bran; toasted,Baked Products,38.5,259,11.4,43.7,4.8,Ration no. 3780
Bread; oatmeal,Baked Products,36.7,269,8.4,48.5,4.4,Ration no. 3781
Bread; oatmeal; toasted,Baked Products,31.2,292,9.2,52.7,4.8,Ration no. 3782
Bread; pita; white; enriched,Baked Products,32.1,275,9.1,55.7,1.2,Ration no. 3784
Bread; pita; whole-wheat,Baked Products,30.6,266,9.8,55.0,2.6,Ration no. 3786
Bread; pumpernickel,Baked Products,37.9,250,8.7,47.5,3.1,Ration no. 3790
Bread; pumpernickel; toasted,Baked Products,31.8,275,9.5,52.2,3.4,Ration no. 3791
Bread; raisin; enriched,Baked Products,33.6,274,7.9,52.3,4.4,Ration no. 3792
Bread; raisin; unenriched,Baked Products,33.6,274,7.9,52.3,4.4,Ration no. 3794
Bread; reduced-calorie; rye,Baked Products,46.0,203,9.1,40.5,2.9,Ration no. 3798
Bread; reduced-calorie; wheat,Baked Products,43.2,198,9.1,43.6,2.3,Ration no. 3799
Bread; reduced-calorie; white,Baked Products,42.9,207,8.7,44.3,2.5,Ration no. 3800
Bread; rice bran,Baked Products,41.0,243,8.9,43.5,4.6,Ration no. 3801
Bread; rice bran; toasted,Baked Products,35.9,264,9.7,47.3,5.0,Ration no. 3802
Bread; rye,Baked Products,37.3,258,8.5,48.3,3.3,Ration no. 3803
Bread; rye; toasted,Baked Products,31.0,284,9.4,53.1,3.6,Ration no. 3804
Bread; wheat,Baked Products,35.74,266,10.91,47.51,3.64,Ration no. 3806
Bread; wheat bran,Baked Products,37.8,248,8.8,47.8,3.4,Ration no. 3807
Bread; wheat germ,Baked Products,37.1,261,9.6,48.3,2.9,Ration no. 3808
Bread; wheat germ; toasted,Baked Products,29.3,293,10.7,54.3,3.3,Ration no. 3809
Bread; wheat; toasted,Baked Products,24.23,313,12.96,55.77,4.27,Ration no. 3810
Breakfast tart; low fat,Baked Products,12.04,372,3.99,76.8,5.99,Ration no. 3821
Cake; angelfood; dry mix,Baked Products,2.8,373,8.9,85.1,0.4,Ration no. 3824
Cake; gingerbread; dry mix,Baked Products,4.4,437,4.4,74.6,13.8,Ration no. 3835
Cake; white; dry mix; regular,Baked Products,4.0,426,4.5,78.0,10.9,Ration no. 3852
Cake; yellow; dry mix; light,Baked Products,3.1,404,4.7,84.1,5.5,Ration no. 3858
Coffeecake; cheese,Baked Products,32.2,339,7.0,44.3,15.2,Ration no. 3865
Coffeecake; fruit,Baked Products,31.7,311,5.2,51.5,10.2,Ration no. 3871
Cookies; chocolate wafers,Baked Products,4.5,433,6.6,72.4,14.2,Ration no. 3894
Cookies; fig bars,Baked Products,16.5,348,3.7,70.9,7.3,Ration no. 3896
Cookies; fortune,Baked Products,8.0,378,4.2,84.0,2.7,Ration no. 3897
Cookies; gingersnaps,Baked Products,5.3,416,5.6,76.9,9.8,Ration no. 3899
Cookies; molasses,Baked Products,5.8,430,5.6,73.8,12.8,Ration no. 3905
Cookies; oatmeal; dry mix,Baked Products,5.3,462,6.5,67.3,19.2,Ration no. 3910
Cookies; raisin; soft-type,Baked Products,13.1,401,4.1,68.0,13.6,Ration no. 3922
Cracker meal,Baked Products,7.6,383,9.3,80.9,1.7,Ration no. 3935
Crackers; cheese; low sodium,Baked Products,3.1,503,10.1,58.2,25.3,Ration no. 3936
Crackers; cheese; regular,Baked Products,3.1,503,10.1,58.2,25.3,Ration no. 3937
Crackers; crispbread; rye,Baked Products,6.1,366,7.9,82.2,1.3,Ration no. 3942
Crackers; matzo; egg,Baked Products,6.4,391,12.3,78.6,2.1,Ration no. 3943
Crackers; matzo; plain,Baked Products,4.3,395,10.0,83.7,1.4,Ration no. 3945
Crackers; matzo; whole-wheat,Baked Products,4.8,351,13.1,78.9,1.5,Ration no. 3946
Crackers; melba toast; plain,Baked Products,5.1,390,12.1,76.6,3.2,Ration no. 3947
Crackers; melba toast; wheat,Baked Products,5.5,374,12.9,76.4,2.3,Ration no. 3950
Crackers; milk,Baked Products,4.7,455,7.6,69.7,15.8,Ration no. 3951
Crackers; rusk toast,Baked Products,5.5,407,13.5,72.3,7.2,Ration no. 3952
Crackers; rye; wafers; plain,Baked Products,5.0,334,9.6,80.4,0.9,Ration no. 3954
Crackers; wheat; low salt,Baked Products,3.1,473,8.6,64.9,20.6,Ration no. 3965
Crackers; wheat; reduced fat,Baked Products,2.73,444,9.34,71.52,13.37,Ration no. 3966
Crackers; wheat; regular,Baked Products,3.18,456,8.95,67.35,17.36,Ration no. 3967
Crackers; whole-wheat,Baked Products,2.94,427,10.58,69.55,14.13,Ration no. 3970
Croissants; apple,Baked Products,45.6,254,7.4,37.1,8.7,Ration no. 3975
Croissants; butter,Baked Products,23.2,406,8.2,45.8,21.0,Ration no. 3976
Croissants; cheese,Baked Products,21.0,414,9.2,47.0,20.9,Ration no. 3977
Croutons; plain,Baked Products,5.5,407,11.9,73.5,6.6,Ration no. 3978
Croutons; seasoned,Baked Products,3.6,465,10.8,63.5,18.3,Ration no. 3979
Danish pastry; cheese,Baked Products,31.4,374,8.0,37.2,21.9,Ration no. 3980
English muffins; wheat,Baked Products,42.3,223,8.7,44.8,2.0,Ration no. 4008
English muffins; whole-wheat,Baked Products,45.7,203,8.8,40.4,2.1,Ration no. 4010
Muffins; blueberry; dry mix,Baked Products,20.0,366,4.9,63.2,10.0,Ration no. 4050
Muffins; corn; toaster-type,Baked Products,23.6,346,5.3,57.9,11.3,Ration no. 4057
Muffins; oat bran,Baked Products,35.0,270,7.0,48.3,7.4,Ration no. 4058
Muffins; wheat bran; dry mix,Baked Products,4.8,396,7.1,73.0,12.0,Ration no. 4060
Phyllo dough,Baked Products,32.6,299,7.1,52.6,6.0,Ration no. 4089
Pie; fried pies; cherry,Baked Products,37.6,316,3.0,42.6,16.1,Ration no. 4123
Pie; fried pies; fruit,Baked Products,37.6,316,3.0,42.6,16.1,Ration no. 4124
Pie; fried pies; lemon,Baked Products,37.6,316,3.0,42.6,16.1,Ration no. 4125
Pie; peach,Baked Products,54.4,223,1.9,32.9,10.0,Ration no. 4129
Popovers; dry mix; enriched,Baked Products,11.7,371,10.4,71.0,4.3,Ration no. 4135
Popovers; dry mix; unenriched,Baked Products,11.7,371,10.4,71.0,4.3,Ration no. 4136
Rolls; dinner; egg,Baked Products,30.4,307,9.5,52.0,6.4,Ration no. 4139
Rolls; dinner; oat bran,Baked Products,44.0,236,9.5,40.2,4.6,Ration no. 4140
Rolls; dinner; rye,Baked Products,30.1,286,10.3,53.1,3.4,Ration no. 4143
Rolls; dinner; wheat,Baked Products,37.0,273,8.6,46.0,6.3,Ration no. 4144
Rolls; dinner; whole-wheat,Baked Products,33.1,266,8.7,51.1,4.7,Ration no. 4145
Rolls; french,Baked Products,34.8,277,8.6,50.2,4.3,Ration no. 4146
Rolls; hard (includes kaiser),Baked Products,31.0,293,9.9,52.7,4.3,Ration no. 4150
Rolls; pumpernickel,Baked Products,32.0,277,10.8,52.8,2.8,Ration no. 4151
Strudel; apple,Baked Products,43.5,274,3.3,41.1,11.2,Ration no. 4152
Sweet rolls; cheese,Baked Products,29.4,360,7.1,43.7,18.3,Ration no. 4153
Taco shells; baked,Baked Products,7.38,467,7.08,62.72,20.83,Ration no. 4157
Tostada shells; corn,Baked Products,3.32,474,6.15,64.43,23.38,Ration no. 4182
Candies; 5TH AVENUE Candy Bar,Sweets,2.3,482,8.78,62.68,23.98,Ration no. 4199
Candies; ALMOND JOY BITES,Sweets,1.26,563,5.58,57.54,34.5,Ration no. 4200
Candies; ALMOND JOY Candy Bar,Sweets,8.2,479,4.13,59.51,26.93,Ration no. 4201
Candies; CARAMELLO Candy Bar,Sweets,6.79,462,6.19,63.81,21.19,Ration no. 4202
Candies; HEATH BITES,Sweets,0.86,530,3.94,63.39,30.38,Ration no. 4203
Candies; KIT KAT Wafer Bar,Sweets,1.63,518,6.51,64.59,25.99,Ration no. 4209
Candies; MOUNDS Candy Bar,Sweets,9.05,486,4.6,58.59,26.6,Ration no. 4247
Candies; NESTLE; CHUNKY Bar,Sweets,2.9,475,7.5,60.0,27.5,Ration no. 4254
Candies; REESE'S BITES,Sweets,1.65,521,11.34,55.18,29.85,Ration no. 4259
Candies; REESE'S PIECES Candy,Sweets,1.0,497,12.46,59.86,24.77,Ration no. 4261
Candies; SKOR Toffee Bar,Sweets,1.57,535,3.13,61.72,32.18,Ration no. 4266
Candies; YORK BITES,Sweets,9.09,394,1.78,81.64,7.32,Ration no. 4274
Candies; butterscotch,Sweets,5.25,391,0.03,90.4,3.3,Ration no. 4276
Candies; caramels,Sweets,8.5,382,4.6,77.0,8.1,Ration no. 4277
Candies; carob; unsweetened,Sweets,1.54,540,8.15,56.29,31.36,Ration no. 4279
Candies; halavah; plain,Sweets,3.67,469,12.49,60.49,21.52,Ration no. 4299
Candies; hard,Sweets,1.3,394,0.0,98.0,0.2,Ration no. 4300
Candies; jellybeans,Sweets,6.3,375,0.0,93.55,0.05,Ration no. 4302
Candies; marshmallows,Sweets,16.4,318,1.8,81.3,0.2,Ration no. 4303
Candies; milk chocolate,Sweets,1.5,535,7.65,59.4,29.66,Ration no. 4304
Candies; nougat; with almonds,Sweets,2.15,398,3.33,92.39,1.67,Ration no. 4310
Candies; peanut bar,Sweets,1.6,522,15.5,47.4,33.7,Ration no. 4311
Candies; semisweet chocolate,Sweets,0.7,480,4.2,63.9,30.0,Ration no. 4314
Candies; sesame crunch,Sweets,2.2,516,11.6,50.3,33.3,Ration no. 4316
Candies; sugar-coated almonds,Sweets,2.3,474,10.0,68.26,17.93,Ration no. 4318
Candies; sweet chocolate,Sweets,0.5,507,3.9,60.4,34.2,Ration no. 4319
Candies; white chocolate,Sweets,1.3,539,5.87,59.24,32.09,Ration no. 4324
Chewing gum,Sweets,2.6,360,0.0,96.7,0.3,Ration no. 4325
Chewing gum; sugarless,Sweets,3.5,268,0.0,94.8,0.4,Ration no. 4326
Egg custards; dry mix,Sweets,1.7,410,6.9,82.8,6.4,Ration no. 4342
Frozen yogurts; chocolate,Sweets,71.2,127,3.0,21.6,3.6,Ration no. 4376
Fruit butters; apple,Sweets,56.45,173,0.39,42.47,0.3,Ration no. 4381
Gelatin desserts; dry mix,Sweets,1.0,381,7.8,90.5,0.0,Ration no. 4382
Honey,Sweets,17.1,304,0.3,82.4,0.0,Ration no. 4388
Ice creams; chocolate,Sweets,55.7,216,3.8,28.2,11.0,Ration no. 4402
Ice creams; chocolate; light,Sweets,61.43,187,5.0,25.7,7.19,Ration no. 4403
Ice creams; chocolate; rich,Sweets,57.52,255,4.72,20.75,16.98,Ration no. 4405
Ice creams; strawberry,Sweets,60.0,192,3.2,27.6,8.4,Ration no. 4409
Ice creams; vanilla,Sweets,61.0,207,3.5,23.6,11.0,Ration no. 4410
Ice creams; vanilla; fat free,Sweets,64.35,138,4.48,30.06,0.0,Ration no. 4411
Ice creams; vanilla; light,Sweets,59.85,180,4.78,29.46,4.83,Ration no. 4412
Ice creams; vanilla; rich,Sweets,57.2,249,3.5,22.29,16.2,Ration no. 4415
Jams and preserves,Sweets,30.47,278,0.37,68.86,0.07,Ration no. 4416
Jams and preserves; apricot,Sweets,34.5,242,0.7,64.4,0.2,Ration no. 4417
Jellies,Sweets,29.77,266,0.15,69.95,0.02,Ration no. 4419
Marmalade; orange,Sweets,33.2,246,0.3,66.3,0.0,Ration no. 4421
Molasses,Sweets,21.87,290,0.0,74.73,0.1,Ration no. 4423
Pectin; unsweetened; dry mix,Sweets,8.7,325,0.3,90.4,0.3,Ration no. 4424
Pie fillings; apple; canned,Sweets,73.4,100,0.1,26.1,0.1,Ration no. 4425
Pie fillings; canned; cherry,Sweets,71.23,115,0.37,28.0,0.07,Ration no. 4427
Puddings; rice; dry mix,Sweets,4.8,376,2.7,91.2,0.1,Ration no. 4459
Puddings; rice; ready-to-eat,Sweets,73.34,118,3.53,19.4,2.65,Ration no. 4462
Puddings; tapioca; dry mix,Sweets,4.0,369,0.1,94.3,0.1,Ration no. 4463
Sherbet; orange,Sweets,66.1,144,1.1,30.4,2.0,Ration no. 4475
Snacks; fruit leather; pieces,Sweets,12.3,359,1.0,82.82,2.68,Ration no. 4476
Snacks; fruit leather; rolls,Sweets,10.2,371,0.1,85.8,3.0,Ration no. 4477
Sugar; turbinado,Sweets,0.03,399,0.0,99.8,0.0,Ration no. 4478
Sugars; brown,Sweets,1.34,380,0.12,98.09,0.0,Ration no. 4479
Sugars; granulated,Sweets,0.02,387,0.0,99.98,0.0,Ration no. 4480
Sugars; maple,Sweets,8.0,354,0.1,90.9,0.2,Ration no. 4481
Sugars; powdered,Sweets,0.23,389,0.0,99.77,0.0,Ration no. 4482
Syrups; chocolate; fudge-type,Sweets,21.8,350,4.6,62.9,8.9,Ration no. 4492
Syrups; corn; dark,Sweets,22.01,286,0.0,77.59,0.0,Ration no. 4493
Syrups; corn; high-fructose,Sweets,24.0,281,0.0,76.0,0.0,Ration no. 4494
Syrups; corn; light,Sweets,22.81,283,0.0,76.79,0.2,Ration no. 4495
Syrups; grenadine,Sweets,32.4,268,0.0,66.91,0.0,Ration no. 4496
Syrups; malt,Sweets,21.1,318,6.2,71.3,0.0,Ration no. 4497
Syrups; maple,Sweets,32.39,260,0.04,67.04,0.06,Ration no. 4498
Syrups; sorghum,Sweets,22.7,290,0.0,74.9,0.0,Ration no. 4499
Syrups; table blends; pancake,Sweets,37.98,234,0.0,61.47,0.0,Ration no. 4502
Toppings; marshmallow cream,Sweets,19.8,322,0.8,79.0,0.3,Ration no. 4508
Toppings; nuts in syrup,Sweets,14.69,448,4.5,58.08,22.0,Ration no. 4509
Toppings; pineapple,Sweets,33.0,253,0.1,66.4,0.1,Ration no. 4510
Toppings; strawberry,Sweets,33.0,254,0.2,66.3,0.1,Ration no. 4511
Amaranth grain; cooked,Cereal Grains and Pasta,75.16,102,3.8,18.69,1.58,Ration no. 4512
Amaranth; uncooked,Cereal Grains and Pasta,11.29,371,13.56,65.25,7.02,Ration no. 4513
Arrowroot flour,Cereal Grains and Pasta,11.37,357,0.3,88.15,0.1,Ration no. 4514
Barley flour or meal,Cereal Grains and Pasta,12.11,345,10.5,74.52,1.6,Ration no. 4515
Barley malt flour,Cereal Grains and Pasta,8.21,361,10.28,78.3,1.84,Ration no. 4516
Barley; hulled,Cereal Grains and Pasta,9.44,354,12.48,73.48,2.3,Ration no. 4517
Barley; pearled; cooked,Cereal Grains and Pasta,68.8,123,2.26,28.22,0.44,Ration no. 4518
Barley; pearled; raw,Cereal Grains and Pasta,10.09,352,9.91,77.72,1.16,Ration no. 4519
Buckwheat,Cereal Grains and Pasta,9.75,343,13.25,71.5,3.4,Ration no. 4520
Buckwheat flour; whole-groat,Cereal Grains and Pasta,11.15,335,12.62,70.59,3.1,Ration no. 4521
Bulgur; dry,Cereal Grains and Pasta,9.0,342,12.29,75.87,1.33,Ration no. 4523
Corn bran; crude,Cereal Grains and Pasta,4.71,224,8.36,85.64,0.92,Ration no. 4524
Corn; white,Cereal Grains and Pasta,10.37,365,9.42,74.26,4.74,Ration no. 4532
Corn; yellow,Cereal Grains and Pasta,10.37,365,9.42,74.26,4.74,Ration no. 4533
Cornmeal; whole-grain; white,Cereal Grains and Pasta,10.26,362,8.12,76.89,3.59,Ration no. 4544
Cornmeal; whole-grain; yellow,Cereal Grains and Pasta,10.26,362,8.12,76.89,3.59,Ration no. 4545
Cornstarch,Cereal Grains and Pasta,8.32,381,0.26,91.27,0.05,Ration no. 4546
Couscous; cooked,Cereal Grains and Pasta,72.57,112,3.79,23.22,0.16,Ration no. 4547
Couscous; dry,Cereal Grains and Pasta,8.56,376,12.76,77.43,0.64,Ration no. 4548
Kamut; cooked,Cereal Grains and Pasta,61.42,146,6.45,30.46,0.91,Ration no. 4549
Kamut; uncooked,Cereal Grains and Pasta,10.95,337,14.7,70.38,2.2,Ration no. 4550
Macaroni; cooked; enriched,Cereal Grains and Pasta,62.13,158,5.8,30.86,0.93,Ration no. 4551
Macaroni; cooked; unenriched,Cereal Grains and Pasta,62.13,158,5.8,30.86,0.93,Ration no. 4552
Macaroni; dry; enriched,Cereal Grains and Pasta,9.9,371,13.04,74.67,1.51,Ration no. 4553
Macaroni; dry; unenriched,Cereal Grains and Pasta,9.9,371,13.04,74.67,1.51,Ration no. 4554
Macaroni; whole-wheat; cooked,Cereal Grains and Pasta,67.15,124,5.33,26.54,0.54,Ration no. 4561
Macaroni; whole-wheat; dry,Cereal Grains and Pasta,7.34,348,14.63,75.03,1.4,Ration no. 4562
Millet flour,Cereal Grains and Pasta,10.74,373,10.75,73.05,4.25,Ration no. 4563
Millet; cooked,Cereal Grains and Pasta,71.41,119,3.51,23.67,1.0,Ration no. 4564
Millet; raw,Cereal Grains and Pasta,8.67,378,11.02,72.85,4.22,Ration no. 4565
Noodles; chinese; chow mein,Cereal Grains and Pasta,0.73,527,8.38,57.54,30.76,Ration no. 4566
Noodles; egg; dry; enriched,Cereal Grains and Pasta,9.01,384,14.16,71.27,4.44,Ration no. 4571
Noodles; egg; dry; unenriched,Cereal Grains and Pasta,9.01,384,14.16,71.27,4.44,Ration no. 4572
Noodles; japanese; soba; dry,Cereal Grains and Pasta,6.88,336,14.38,74.62,0.71,Ration no. 4577
Noodles; japanese; somen; dry,Cereal Grains and Pasta,9.21,356,11.35,74.1,0.81,Ration no. 4579
Oat bran; raw,Cereal Grains and Pasta,6.55,246,17.3,66.22,7.03,Ration no. 4580
Oats,Cereal Grains and Pasta,8.22,389,16.89,66.27,6.9,Ration no. 4582
Pasta; corn; cooked,Cereal Grains and Pasta,68.31,126,2.63,27.91,0.73,Ration no. 4583
Pasta; corn; dry,Cereal Grains and Pasta,10.0,357,7.46,79.26,2.08,Ration no. 4584
Quinoa; cooked,Cereal Grains and Pasta,71.61,120,4.4,21.3,1.92,Ration no. 4591
Quinoa; uncooked,Cereal Grains and Pasta,13.28,368,14.12,64.16,6.07,Ration no. 4592
Rice bran; crude,Cereal Grains and Pasta,6.13,316,13.35,49.69,20.85,Ration no. 4593
Rice flour; brown,Cereal Grains and Pasta,11.97,363,7.23,76.48,2.78,Ration no. 4594
Rice flour; white,Cereal Grains and Pasta,11.89,366,5.95,80.13,1.42,Ration no. 4595
Rice noodles; cooked,Cereal Grains and Pasta,73.82,109,0.91,24.9,0.2,Ration no. 4596
Rice noodles; dry,Cereal Grains and Pasta,11.91,364,3.44,83.24,0.56,Ration no. 4597
Rice; brown; long-grain; raw,Cereal Grains and Pasta,10.37,370,7.94,77.24,2.92,Ration no. 4599
Rice; white; glutinous; raw,Cereal Grains and Pasta,10.46,370,6.81,81.68,0.55,Ration no. 4602
Rice; white; short-grain; raw,Cereal Grains and Pasta,13.29,358,6.5,79.15,0.52,Ration no. 4621
Rice; white; with pasta; dry,Cereal Grains and Pasta,7.13,368,9.37,75.32,2.44,Ration no. 4625
Rye,Cereal Grains and Pasta,10.6,338,10.34,75.86,1.63,Ration no. 4626
Rye flour; dark,Cereal Grains and Pasta,10.75,325,15.91,68.63,2.22,Ration no. 4627
Rye flour; light,Cereal Grains and Pasta,11.4,357,9.82,76.68,1.33,Ration no. 4628
Rye flour; medium,Cereal Grains and Pasta,10.97,349,10.88,75.43,1.52,Ration no. 4629
Semolina; enriched,Cereal Grains and Pasta,12.67,360,12.68,72.83,1.05,Ration no. 4630
Semolina; unenriched,Cereal Grains and Pasta,12.67,360,12.68,72.83,1.05,Ration no. 4631
Sorghum,Cereal Grains and Pasta,9.2,339,11.3,74.63,3.3,Ration no. 4632
Sorghum flour,Cereal Grains and Pasta,10.06,361,7.87,77.47,3.29,Ration no. 4633
Spaghetti; dry; enriched,Cereal Grains and Pasta,9.9,371,13.04,74.67,1.51,Ration no. 4638
Spaghetti; dry; unenriched,Cereal Grains and Pasta,9.9,371,13.04,74.67,1.51,Ration no. 4639
Spaghetti; spinach; cooked,Cereal Grains and Pasta,68.14,130,4.58,26.15,0.63,Ration no. 4644
Spaghetti; spinach; dry,Cereal Grains and Pasta,8.34,372,13.35,74.81,1.57,Ration no. 4645
Spaghetti; whole-wheat; dry,Cereal Grains and Pasta,7.34,348,14.63,75.03,1.4,Ration no. 4647
Spelt; cooked,Cereal Grains and Pasta,66.56,127,5.5,26.44,0.85,Ration no. 4648
Spelt; uncooked,Cereal Grains and Pasta,11.02,338,14.57,70.19,2.43,Ration no. 4649
Tapioca; pearl; dry,Cereal Grains and Pasta,10.99,358,0.19,88.69,0.02,Ration no. 4650
Teff; cooked,Cereal Grains and Pasta,74.93,101,3.87,19.86,0.65,Ration no. 4651
Teff; uncooked,Cereal Grains and Pasta,8.82,367,13.3,73.13,2.38,Ration no. 4652
Triticale,Cereal Grains and Pasta,10.51,336,13.05,72.13,2.09,Ration no. 4653
Triticale flour; whole-grain,Cereal Grains and Pasta,10.01,338,13.18,73.14,1.81,Ration no. 4654
Vital wheat gluten,Cereal Grains and Pasta,8.2,370,75.16,13.79,1.85,Ration no. 4655
Wheat bran; crude,Cereal Grains and Pasta,9.89,216,15.55,64.51,4.25,Ration no. 4656
Wheat flour; whole-grain,Cereal Grains and Pasta,10.74,340,13.21,71.97,2.5,Ration no. 4677
Wheat germ; crude,Cereal Grains and Pasta,11.12,360,23.15,51.8,9.72,Ration no. 4679
Wheat; durum,Cereal Grains and Pasta,10.94,339,13.68,71.13,2.47,Ration no. 4680
Wheat; hard red spring,Cereal Grains and Pasta,12.76,329,15.4,68.03,1.92,Ration no. 4681
Wheat; hard red winter,Cereal Grains and Pasta,13.1,327,12.61,71.18,1.54,Ration no. 4682
Wheat; hard white,Cereal Grains and Pasta,9.57,342,11.31,75.9,1.71,Ration no. 4683
Wheat; soft red winter,Cereal Grains and Pasta,12.17,331,10.35,74.24,1.56,Ration no. 4684
Wheat; soft white,Cereal Grains and Pasta,10.42,340,10.69,75.36,1.99,Ration no. 4685
Wheat; sprouted,Cereal Grains and Pasta,47.75,198,7.49,42.53,1.27,Ration no. 4686
Wild rice; cooked,Cereal Grains and Pasta,73.93,101,3.99,21.34,0.34,Ration no. 4687
Wild rice; raw,Cereal Grains and Pasta,7.76,357,14.73,74.9,1.08,Ration no. 4688
BURGER KING; CHICKEN TENDERS,Fast Foods,46.06,289,17.25,17.41,16.67,Ration no. 4689
BURGER KING; Cheeseburger,Fast Foods,44.59,286,14.57,23.71,14.81,Ration no. 4693
BURGER KING; French Fries,Fast Foods,36.66,331,3.5,40.08,17.4,Ration no. 4697
BURGER KING; Hamburger,Fast Foods,44.68,275,14.18,27.11,12.17,Ration no. 4699
BURGER KING; Vanilla Shake,Fast Foods,68.13,168,3.19,19.03,8.74,Ration no. 4702
Entrees; crab cake,Fast Foods,53.38,266,18.75,8.52,17.25,Ration no. 4719
Fast foods; biscuit; with egg,Fast Foods,50.06,274,8.53,23.46,16.23,Ration no. 4743
Fast foods; biscuit; with ham,Fast Foods,28.4,342,11.85,38.75,16.3,Ration no. 4747
Fast foods; brownie,Fast Foods,12.65,405,4.57,64.95,16.84,Ration no. 4749
Fast foods; chicken tenders,Fast Foods,46.02,289,18.74,15.75,16.75,Ration no. 4780
Fast foods; chili con carne,Fast Foods,76.7,101,9.73,8.67,3.27,Ration no. 4784
Fast foods; coleslaw,Fast Foods,73.42,153,0.95,14.89,9.91,Ration no. 4790
Fast foods; egg; scrambled,Fast Foods,66.7,212,13.84,2.08,16.18,Ration no. 4803
Fast foods; hotdog; plain,Fast Foods,53.96,247,10.6,18.4,14.84,Ration no. 4836
Fast foods; hush puppies,Fast Foods,32.29,329,6.25,44.74,14.86,Ration no. 4839
Fast foods; sundae; caramel,Fast Foods,56.5,196,4.71,31.81,5.98,Ration no. 4861
Fast foods; sundae; hot fudge,Fast Foods,59.7,180,3.57,30.17,5.46,Ration no. 4862
Fast foods; taco,Fast Foods,58.4,217,12.08,15.63,12.02,Ration no. 4864
Fast foods; taco salad,Fast Foods,72.35,141,6.68,11.91,7.46,Ration no. 4865
McDONALD'S; BIG 'N TASTY,Fast Foods,57.71,226,10.64,16.6,13.68,Ration no. 4904
McDONALD'S; BIG BREAKFAST,Fast Foods,50.68,285,10.16,17.5,19.37,Ration no. 4908
McDONALD'S; BIG MAC,Fast Foods,51.3,257,11.82,20.08,14.96,Ration no. 4909
McDONALD'S; Baked Apple Pie,Fast Foods,36.98,323,3.07,43.62,15.66,Ration no. 4913
McDONALD'S; Barbeque Sauce,Fast Foods,57.68,165,1.55,36.93,1.22,Ration no. 4914
McDONALD'S; Cheeseburger,Fast Foods,45.0,263,12.97,27.81,11.79,Ration no. 4918
McDONALD'S; Chicken McNUGGETS,Fast Foods,47.44,291,14.97,17.22,18.07,Ration no. 4919
McDONALD'S; Egg McMUFFIN,Fast Foods,55.24,215,12.65,20.54,9.11,Ration no. 4927
McDONALD'S; English Muffin,Fast Foods,36.26,285,9.26,44.36,7.87,Ration no. 4928
McDONALD'S; FILET-O-FISH,Fast Foods,46.18,275,10.99,27.45,13.47,Ration no. 4929
McDONALD'S; French Fries,Fast Foods,39.76,316,3.81,39.02,16.12,Ration no. 4931
McDONALD'S; Hamburger,Fast Foods,45.67,252,12.36,30.69,9.29,Ration no. 4934
McDONALD'S; Hash Browns,Fast Foods,52.73,262,2.26,26.3,16.46,Ration no. 4935
McDONALD'S; Honey,Fast Foods,13.4,351,0.09,86.44,0.0,Ration no. 4936
McDONALD'S; Hot Fudge Sundae,Fast Foods,58.81,186,4.14,30.05,5.91,Ration no. 4938
McDONALD'S; Hot Mustard Sauce,Fast Foods,58.65,190,2.6,29.08,7.31,Ration no. 4939
McDONALD'S; Hotcakes (plain),Fast Foods,48.24,228,6.0,38.27,5.84,Ration no. 4940
McDONALD'S; QUARTER POUNDER,Fast Foods,50.37,244,14.1,22.17,11.55,Ration no. 4959
McDONALD'S; Sausage Biscuit,Fast Foods,34.71,376,9.62,27.2,25.4,Ration no. 4961
McDONALD'S; Sausage Burrito,Fast Foods,49.41,262,11.54,21.39,15.15,Ration no. 4963
McDONALD'S; Sausage McMUFFIN,Fast Foods,38.94,333,12.66,24.52,21.06,Ration no. 4965
McDONALD'S; Sausage Patty,Fast Foods,41.21,405,15.19,1.4,39.58,Ration no. 4967
McDONALD'S; Scrambled Eggs,Fast Foods,66.94,193,15.06,1.85,14.69,Ration no. 4969
McDONALD'S; Strawberry Sundae,Fast Foods,64.02,158,3.19,28.09,3.95,Ration no. 4971
POPEYES; Biscuit,Fast Foods,25.76,408,5.84,40.84,24.53,Ration no. 4995
POPEYES; Coleslaw,Fast Foods,72.84,161,0.98,14.12,11.18,Ration no. 4996
Side dishes; potato salad,Fast Foods,78.73,114,1.53,13.53,6.03,Ration no. 5015
TACO BELL; Bean Burrito,Fast Foods,55.06,204,7.9,27.77,6.85,Ration no. 5019
TACO BELL; Nachos,Fast Foods,34.29,366,5.15,36.38,22.17,Ration no. 5020
TACO BELL; Nachos Supreme,Fast Foods,53.78,246,7.59,23.09,13.65,Ration no. 5021
TACO BELL; Taco Salad,Fast Foods,67.32,170,6.69,15.1,9.17,Ration no. 5026
Tostada with guacamole,Fast Foods,72.51,138,4.78,12.27,8.91,Ration no. 5027
WENDY'S; Chicken Nuggets,Fast Foods,43.13,334,15.93,15.35,23.17,Ration no. 5031
WENDY'S; French Fries,Fast Foods,38.81,319,3.89,39.44,16.23,Ration no. 5032
WENDY'S; Frosty Dairy Dessert,Fast Foods,69.25,132,3.49,23.62,2.6,Ration no. 5033
Beef stew; canned entree,"Meals, Entrees, and Sidedishes",80.78,99,4.41,7.85,5.53,Ration no. 5039
LEAN POCKETS; Ham N Cheddar,"Meals, Entrees, and Sidedishes",48.48,230,10.28,32.52,6.53,Ration no. 5064
Turkey Pot Pie; frozen entree,"Meals, Entrees, and Sidedishes",65.7,176,6.5,17.7,8.8,Ration no. 5077
Pretzels; soft,Snacks,15.0,338,8.2,69.39,3.1,Ration no. 5100
Pretzels; soft; unsalted,Snacks,15.0,338,8.2,71.04,3.1,Ration no. 5101
Snacks; bagel chips,Snacks,5.05,451,12.34,66.36,15.14,Ration no. 5121
Snacks; banana chips,Snacks,4.3,519,2.3,58.4,33.6,Ration no. 5122
Snacks; beef sticks; smoked,Snacks,19.1,550,21.5,5.4,49.6,Ration no. 5124
Snacks; corn cakes,Snacks,4.6,387,8.1,83.4,2.4,Ration no. 5127
Snacks; pita chips; salted,Snacks,2.0,457,11.79,68.26,15.2,Ration no. 5167
Snacks; popcorn; air-popped,Snacks,3.32,387,12.94,77.9,4.54,Ration no. 5169
Snacks; popcorn; cakes,Snacks,5.0,384,9.7,80.1,3.1,Ration no. 5171
Snacks; pork skins; plain,Snacks,1.8,544,61.3,0.0,31.3,Ration no. 5183
Snacks; potato sticks,Snacks,2.2,522,6.7,53.3,34.4,Ration no. 5199
Snacks; sweet potato chips,Snacks,4.0,496,3.5,64.83,24.7,Ration no. 5219
Snacks; taro chips,Snacks,2.0,498,2.3,68.1,24.9,Ration no. 5220
Snacks; trail mix; regular,Snacks,9.2,462,13.8,44.9,29.4,Ration no. 5232
Snacks; trail mix; tropical,Snacks,9.0,407,6.3,65.6,17.1,Ration no. 5236
Agave; cooked (Southwest),Ethnic Foods,65.4,135,0.99,32.0,0.29,Ration no. 5241
Agave; dried (Southwest),Ethnic Foods,11.64,341,1.71,81.98,0.69,Ration no. 5242
Bread; kneel down (Navajo),Ethnic Foods,52.96,195,4.29,39.47,2.21,Ration no. 5249
Corn; dried (Navajo),Ethnic Foods,8.1,386,9.88,74.93,5.22,Ration no. 5261
Corn; white; steamed (Navajo),Ethnic Foods,8.09,386,9.72,75.2,5.18,Ration no. 5263
Cornmeal; blue (Navajo),Ethnic Foods,5.7,398,10.4,76.93,5.44,Ration no. 5265
Cornmeal; white (Navajo),Ethnic Foods,5.42,398,10.99,77.14,5.04,Ration no. 5266
Cornmeal; yellow (Navajo),Ethnic Foods,10.15,384,9.85,72.9,5.88,Ration no. 5267
Oil; walrus (Alaska Native),Ethnic Foods,0.0,900,0.0,0.0,100.0,Ration no. 5308
Pinon Nuts; roasted (Navajo),Ethnic Foods,5.0,541,7.41,51.06,34.08,Ration no. 5312
Smelt; dried (Alaska Native),Ethnic Foods,16.92,386,56.19,0.0,17.9,Ration no. 5329
Stew; steamed corn (Navajo),Ethnic Foods,76.03,112,8.82,10.8,3.75,Ration no. 5335
Tamales (Navajo),Ethnic Foods,68.1,153,6.28,18.12,6.12,Ration no. 5336
Tennis Bread; plain (Apache),Ethnic Foods,33.77,258,9.0,53.26,1.05,Ration no. 5338
APPLEBEE'S; French fries,Restaurant Foods,43.28,284,3.39,37.41,13.37,Ration no. 5357
APPLEBEE'S; mozzarella sticks,Restaurant Foods,39.49,320,15.01,23.93,18.24,Ration no. 5360
CRACKER BARREL; steak fries,Restaurant Foods,55.67,226,3.25,29.19,10.65,Ration no. 5366
DENNY'S; French fries,Restaurant Foods,44.79,291,3.47,35.06,15.16,Ration no. 5367
DENNY'S; golden fried shrimp,Restaurant Foods,48.89,277,11.51,20.21,16.67,Ration no. 5369
DENNY'S; top sirloin steak,Restaurant Foods,61.82,182,28.9,0.14,7.34,Ration no. 5372
T.G.I. FRIDAY'S; French fries,Restaurant Foods,41.09,301,4.08,37.34,15.06,Ration no. 5400
